Workbook

Sheet Risk Management Dashboard
A1: Project Name: | C1: ABC
A2: Client
A3: Report Date : | C3: 46083
AD22: no | AE22: match
AD23: 1 | AE23: =IFERROR(MATCH(AD23,'Risk Register'!$K$2:$K$880,0),"") -> 7
AD24: 2 | AE24: =IFERROR(MATCH(AD24,'Risk Register'!$K$2:$K$880,0),"") -> 4
AD25: 3 | AE25: =IFERROR(MATCH(AD25,'Risk Register'!$K$2:$K$880,0),"") -> 1
B26: ID | C26: Risk Description | D26: Score | G26: Impact vs Probability | AD26: 4 | AE26: =IFERROR(MATCH(AD26,'Risk Register'!$K$2:$K$880,0),"") -> 5
B27: =IF($AE23="","",INDEX('Risk Register'!$A$2:$A$880,$AE23)) | C27: =IF($AE23="","",INDEX('Risk Register'!$C$2:$C$880,$AE23)) -> D 19 | D27: =IF($AE23="","",INDEX('Risk Register'!$I$2:$I$880,$AE23)) -> 20 | AD27: 5 | AE27: =IFERROR(MATCH(AD27,'Risk Register'!$K$2:$K$880,0),"") -> 6
B28: =IF($AE24="","",INDEX('Risk Register'!$A$2:$A$880,$AE24)) -> 9 | C28: =IF($AE24="","",INDEX('Risk Register'!$C$2:$C$880,$AE24)) -> D 9 | D28: =IF($AE24="","",INDEX('Risk Register'!$I$2:$I$880,$AE24)) -> 10 | AD28: 6 | AE28: =IFERROR(MATCH(AD28,'Risk Register'!$K$2:$K$880,0),"") -> 3 | AN28: settings
B29: =IF($AE25="","",INDEX('Risk Register'!$A$2:$A$880,$AE25)) -> 1 | C29: =IF($AE25="","",INDEX('Risk Register'!$C$2:$C$880,$AE25)) -> D 1 | D29: =IF($AE25="","",INDEX('Risk Register'!$I$2:$I$880,$AE25)) -> 9 | J29: =COUNTIFS('Risk Register'!$H$2:$H$878,$H29,'Risk Register'!$G$2:$G$878,J$27,'Risk Register'!$L$2:$L$878,"<>"&"Closed") -> 0 | K29: =COUNTIFS('Risk Register'!$H$2:$H$878,$H29,'Risk Register'!$G$2:$G$878,K$27,'Risk Register'!$L$2:$L$878,"<>"&"Closed") -> 0 | L29: =COUNTIFS('Risk Register'!$H$2:$H$878,$H29,'Risk Register'!$G$2:$G$878,L$27,'Risk Register'!$L$2:$L$878,"<>"&"Closed") -> 0 | M29: =COUNTIFS('Risk Register'!$H$2:$H$878,$H29,'Risk Register'!$G$2:$G$878,M$27,'Risk Register'!$L$2:$L$878,"<>"&"Closed") -> 0 | N29: =COUNTIFS('Risk Register'!$H$2:$H$878,$H29,'Risk Register'!$G$2:$G$878,N$27,'Risk Register'!$L$2:$L$878,"<>"&"Closed") -> 0 | AD29: 7 | AE29: =IFERROR(MATCH(AD29,'Risk Register'!$K$2:$K$880,0),"") | AH29: =AH$28*$AG29 -> 0 | AI29: =AI$28*$AG29 -> 0 | AJ29: =AJ$28*$AG29 -> 0 | AK29: =AK$28*$AG29 -> 0 | AL29: =AL$28*$AG29 -> 0
B30: =IF($AE26="","",INDEX('Risk Register'!$A$2:$A$880,$AE26)) -> 11 | C30: =IF($AE26="","",INDEX('Risk Register'!$C$2:$C$880,$AE26)) -> D 11 | D30: =IF($AE26="","",INDEX('Risk Register'!$I$2:$I$880,$AE26)) -> 9 | J30: =COUNTIFS('Risk Register'!$H$2:$H$878,$H30,'Risk Register'!$G$2:$G$878,J$27,'Risk Register'!$L$2:$L$878,"<>"&"Closed") -> 0 | K30: =COUNTIFS('Risk Register'!$H$2:$H$878,$H30,'Risk Register'!$G$2:$G$878,K$27,'Risk Register'!$L$2:$L$878,"<>"&"Closed") -> 0 | L30: =COUNTIFS('Risk Register'!$H$2:$H$878,$H30,'Risk Register'!$G$2:$G$878,L$27,'Risk Register'!$L$2:$L$878,"<>"&"Closed") -> 0 | M30: =COUNTIFS('Risk Register'!$H$2:$H$878,$H30,'Risk Register'!$G$2:$G$878,M$27,'Risk Register'!$L$2:$L$878,"<>"&"Closed") -> 0 | N30: =COUNTIFS('Risk Register'!$H$2:$H$878,$H30,'Risk Register'!$G$2:$G$878,N$27,'Risk Register'!$L$2:$L$878,"<>"&"Closed") -> 0 | AD30: 8 | AE30: =IFERROR(MATCH(AD30,'Risk Register'!$K$2:$K$880,0),"") | AH30: =AH$28*$AG30 -> 0 | AI30: =AI$28*$AG30 -> 0 | AJ30: =AJ$28*$AG30 -> 0 | AK30: =AK$28*$AG30 -> 0 | AL30: =AL$28*$AG30 -> 0
B31: =IF($AE27="","",INDEX('Risk Register'!$A$2:$A$880,$AE27)) -> 14 | C31: =IF($AE27="","",INDEX('Risk Register'!$C$2:$C$880,$AE27)) -> D 14 | D31: =IF($AE27="","",INDEX('Risk Register'!$I$2:$I$880,$AE27)) -> 6 | J31: =COUNTIFS('Risk Register'!$H$2:$H$878,$H31,'Risk Register'!$G$2:$G$878,J$27,'Risk Register'!$L$2:$L$878,"<>"&"Closed") -> 0 | K31: =COUNTIFS('Risk Register'!$H$2:$H$878,$H31,'Risk Register'!$G$2:$G$878,K$27,'Risk Register'!$L$2:$L$878,"<>"&"Closed") -> 0 | L31: =COUNTIFS('Risk Register'!$H$2:$H$878,$H31,'Risk Register'!$G$2:$G$878,L$27,'Risk Register'!$L$2:$L$878,"<>"&"Closed") -> 0 | M31: =COUNTIFS('Risk Register'!$H$2:$H$878,$H31,'Risk Register'!$G$2:$G$878,M$27,'Risk Register'!$L$2:$L$878,"<>"&"Closed") -> 0 | N31: =COUNTIFS('Risk Register'!$H$2:$H$878,$H31,'Risk Register'!$G$2:$G$878,N$27,'Risk Register'!$L$2:$L$878,"<>"&"Closed") -> 0 | AH31: =AH$28*$AG31 -> 0 | AI31: =AI$28*$AG31 -> 0 | AJ31: =AJ$28*$AG31 -> 0 | AK31: =AK$28*$AG31 -> 0 | AL31: =AL$28*$AG31 -> 0
B32: =IF($AE28="","",INDEX('Risk Register'!$A$2:$A$880,$AE28)) -> 6 | C32: =IF($AE28="","",INDEX('Risk Register'!$C$2:$C$880,$AE28)) -> D 6 | D32: =IF($AE28="","",INDEX('Risk Register'!$I$2:$I$880,$AE28)) -> 3 | J32: =COUNTIFS('Risk Register'!$H$2:$H$878,$H32,'Risk Register'!$G$2:$G$878,J$27,'Risk Register'!$L$2:$L$878,"<>"&"Closed") -> 0 | K32: =COUNTIFS('Risk Register'!$H$2:$H$878,$H32,'Risk Register'!$G$2:$G$878,K$27,'Risk Register'!$L$2:$L$878,"<>"&"Closed") -> 0 | L32: =COUNTIFS('Risk Register'!$H$2:$H$878,$H32,'Risk Register'!$G$2:$G$878,L$27,'Risk Register'!$L$2:$L$878,"<>"&"Closed") -> 0 | M32: =COUNTIFS('Risk Register'!$H$2:$H$878,$H32,'Risk Register'!$G$2:$G$878,M$27,'Risk Register'!$L$2:$L$878,"<>"&"Closed") -> 0 | N32: =COUNTIFS('Risk Register'!$H$2:$H$878,$H32,'Risk Register'!$G$2:$G$878,N$27,'Risk Register'!$L$2:$L$878,"<>"&"Closed") -> 0 | AH32: =AH$28*$AG32 -> 0 | AI32: =AI$28*$AG32 -> 0 | AJ32: =AJ$28*$AG32 -> 0 | AK32: =AK$28*$AG32 -> 0 | AL32: =AL$28*$AG32 -> 0
B33: =IF($AE29="","",INDEX('Risk Register'!$A$2:$A$880,$AE29)) | C33: =IF($AE29="","",INDEX('Risk Register'!$C$2:$C$880,$AE29)) | D33: =IF($AE29="","",INDEX('Risk Register'!$I$2:$I$880,$AE29)) | J33: =COUNTIFS('Risk Register'!$H$2:$H$878,$H33,'Risk Register'!$G$2:$G$878,J$27,'Risk Register'!$L$2:$L$878,"<>"&"Closed") -> 0 | K33: =COUNTIFS('Risk Register'!$H$2:$H$878,$H33,'Risk Register'!$G$2:$G$878,K$27,'Risk Register'!$L$2:$L$878,"<>"&"Closed") -> 0 | L33: =COUNTIFS('Risk Register'!$H$2:$H$878,$H33,'Risk Register'!$G$2:$G$878,L$27,'Risk Register'!$L$2:$L$878,"<>"&"Closed") -> 0 | M33: =COUNTIFS('Risk Register'!$H$2:$H$878,$H33,'Risk Register'!$G$2:$G$878,M$27,'Risk Register'!$L$2:$L$878,"<>"&"Closed") -> 0 | N33: =COUNTIFS('Risk Register'!$H$2:$H$878,$H33,'Risk Register'!$G$2:$G$878,N$27,'Risk Register'!$L$2:$L$878,"<>"&"Closed") -> 0 | AH33: =AH$28*$AG33 -> 0 | AI33: =AI$28*$AG33 -> 0 | AJ33: =AJ$28*$AG33 -> 0 | AK33: =AK$28*$AG33 -> 0 | AL33: =AL$28*$AG33 -> 0
B34: =IF($AE30="","",INDEX('Risk Register'!$A$2:$A$880,$AE30)) | C34: =IF($AE30="","",INDEX('Risk Register'!$C$2:$C$880,$AE30)) | D34: =IF($AE30="","",INDEX('Risk Register'!$I$2:$I$880,$AE30)) | AH34: PMBOK - 135
AH35: Avoid | AI35: Changing the project plan to eliminate the risk.
AH36: Transfer | AI36: Seek to shift the consequence of risk to a 3rd party together with ownership and response
AH37: Mitigate | AI37: Mitigation seeks to reduce the probability and impact of a risk event to an acceptable threshold. Taking early action to reduce the probability or impact is more effective than trying to repair the consequences after it has occurred.
AH38: Accept | AI38: Indicates that the project team has decided not to change the project plan to deal with a risk or is unable to identify any other suitable response strategy.
AM64: CHECK VALUE | AN64: MAX | AO64: SLICES | AP64: DEGREES | AQ64: X | AR64: Y
AM65: =IFERROR(AVERAGEIF('Risk Register'!$L$2:$L$880,"<>Closed",'Risk Register'!$I$2:$I$880),0) -> 9.5 | AN65: 25 | AO65: 0.05 | AP65: =180-(AM65/AN65)*180 -> 111.6 | AQ65: 0 | AR65: 0 | AT65: Remaining risk | AU65: =AS84+AS83 -> 6
AO66: 0.05 | AQ66: =COS(RADIANS(AP65)) -> -0.36812455 | AR66: =SIN(RADIANS(AP65)) -> 0.92977649 | AT66: Clsoed | AU66: =COUNTIF('Risk Register'!L$2:L$870,"="&"Closed") -> 1
AO67: 0.05
AO68: 0.05
AO69: 0.05
AO70: 0.05
AO71: 0.05
AO72: 0.05
AO73: 0.05
AO74: 0.05
AO75: 0.5
AV76: RISK PRIORITY
AU77: Current Status / Priority | AV77: Critical | AW77: High | AX77: Moderate | AY77: Tolerable | AZ77: Negligible | BA77: Total | BB77: % Of Total
AT78: STATUS | AU78: Closed | AV78: =COUNTIFS('Risk Register'!$J:$J,AV$77,'Risk Register'!$L:$L,$AU78) -> 0 | AW78: =COUNTIFS('Risk Register'!$J:$J,AW$77,'Risk Register'!$L:$L,$AU78) -> 0 | AX78: =COUNTIFS('Risk Register'!$J:$J,AX$77,'Risk Register'!$L:$L,$AU78) -> 1 | AY78: =COUNTIFS('Risk Register'!$J:$J,AY$77,'Risk Register'!$L:$L,$AU78) -> 0 | AZ78: =COUNTIFS('Risk Register'!$J:$J,AZ$77,'Risk Register'!$L:$L,$AU78) -> 0 | BA78: =SUM(AV78:AZ78) -> 1 | BB78: =BA78/BA82 -> 0.14285714
AU79: In-Progress | AV79: =COUNTIFS('Risk Register'!$J:$J,AV$77,'Risk Register'!$L:$L,$AU79) -> 0 | AW79: =COUNTIFS('Risk Register'!$J:$J,AW$77,'Risk Register'!$L:$L,$AU79) -> 0 | AX79: =COUNTIFS('Risk Register'!$J:$J,AX$77,'Risk Register'!$L:$L,$AU79) -> 2 | AY79: =COUNTIFS('Risk Register'!$J:$J,AY$77,'Risk Register'!$L:$L,$AU79) -> 0 | AZ79: =COUNTIFS('Risk Register'!$J:$J,AZ$77,'Risk Register'!$L:$L,$AU79) -> 0 | BA79: =SUM(AV79:AZ79) -> 2 | BB79: =BA79/BA82 -> 0.28571429
AU80: Behind | AV80: =COUNTIFS('Risk Register'!$J:$J,AV$77,'Risk Register'!$L:$L,$AU80) -> 0 | AW80: =COUNTIFS('Risk Register'!$J:$J,AW$77,'Risk Register'!$L:$L,$AU80) -> 1 | AX80: =COUNTIFS('Risk Register'!$J:$J,AX$77,'Risk Register'!$L:$L,$AU80) -> 0 | AY80: =COUNTIFS('Risk Register'!$J:$J,AY$77,'Risk Register'!$L:$L,$AU80) -> 1 | AZ80: =COUNTIFS('Risk Register'!$J:$J,AZ$77,'Risk Register'!$L:$L,$AU80) -> 1 | BA80: =SUM(AV80:AZ80) -> 3 | BB80: =BA80/BA82 -> 0.42857143
AU81: Not Started | AV81: =COUNTIFS('Risk Register'!$J:$J,AV$77,'Risk Register'!$L:$L,$AU81) -> 0 | AW81: =COUNTIFS('Risk Register'!$J:$J,AW$77,'Risk Register'!$L:$L,$AU81) -> 0 | AX81: =COUNTIFS('Risk Register'!$J:$J,AX$77,'Risk Register'!$L:$L,$AU81) -> 1 | AY81: =COUNTIFS('Risk Register'!$J:$J,AY$77,'Risk Register'!$L:$L,$AU81) -> 0 | AZ81: =COUNTIFS('Risk Register'!$J:$J,AZ$77,'Risk Register'!$L:$L,$AU81) -> 0 | BA81: =SUM(AV81:AZ81) -> 1 | BB81: =BA81/BA82 -> 0.14285714
AU82: Total | AV82: =SUM(AV78:AV81) -> 0 | AW82: =SUM(AW78:AW81) -> 1 | AX82: =SUM(AX78:AX81) -> 4 | AY82: =SUM(AY78:AY81) -> 1 | AZ82: =SUM(AZ78:AZ81) -> 1 | BA82: =SUM(AV82:AZ82) -> 7 | BB82: =SUM(BB78:BB81) -> 1
AR83: Not Started | AS83: =BA81 -> 1 | AU83: % of Total | AV83: =AV82/BA82 -> 0 | AW83: =AW82/BA82 -> 0.14285714 | AX83: =AX82/BA82 -> 0.57142857 | AY83: =AY82/BA82 -> 0.14285714 | AZ83: =AZ82/BA82 -> 0.14285714 | BA83: =SUM(AV83:AY83) -> 0.85714286
AR84: In-Progress | AS84: =BA79+BA80 -> 5
AR85: Closed | AS85: =BA78 -> 1 | AV85: =AV77 -> Critical | AW85: =AW77 -> High | AX85: =AX77 -> Moderate | AY85: =AY77 -> Tolerable | AZ85: =AZ77 -> Negligible
AU86: Remaining | AV86: =AV82-AV78 -> 0 | AW86: =AW82-AW78 -> 1 | AX86: =AX82-AX78 -> 3 | AY86: =AY82-AY78 -> 1 | AZ86: =AZ82-AZ78 -> 1
AV88: =AV100&" Very High" -> 0 Very High | AW88: =AW100&" High Risk" -> 0 High Risk | AX88: =AX100& " Medium Risk" -> 0 Medium Risk | AY88: =AY100&" Low Risk" -> 0 Low Risk | AZ88: =AZ100&" Very Low Risk" -> 0 Very Low Risk | BA88: total
AV89: =COUNTIFS('Risk Register'!$J$2:$J$878,AV$77,'Risk Register'!$M$2:$M$878,$AU89,'Risk Register'!$L$2:$L$878,"<>"&"Closed") -> 0 | AW89: =COUNTIFS('Risk Register'!$J$2:$J$878,AW$77,'Risk Register'!$M$2:$M$878,$AU89,'Risk Register'!$L$2:$L$878,"<>"&"Closed") -> 0 | AX89: =COUNTIFS('Risk Register'!$J$2:$J$878,AX$77,'Risk Register'!$M$2:$M$878,$AU89,'Risk Register'!$L$2:$L$878,"<>"&"Closed") -> 0 | AY89: =COUNTIFS('Risk Register'!$J$2:$J$878,AY$77,'Risk Register'!$M$2:$M$878,$AU89,'Risk Register'!$L$2:$L$878,"<>"&"Closed") -> 0 | AZ89: =COUNTIFS('Risk Register'!$J$2:$J$878,AZ$77,'Risk Register'!$M$2:$M$878,$AU89,'Risk Register'!$L$2:$L$878,"<>"&"Closed") -> 0 | BA89: =SUM(AV89:AZ89) -> 0
AV90: =COUNTIFS('Risk Register'!$J$2:$J$878,AV$77,'Risk Register'!$M$2:$M$878,$AU90,'Risk Register'!$L$2:$L$878,"<>"&"Closed") -> 0 | AW90: =COUNTIFS('Risk Register'!$J$2:$J$878,AW$77,'Risk Register'!$M$2:$M$878,$AU90,'Risk Register'!$L$2:$L$878,"<>"&"Closed") -> 0 | AX90: =COUNTIFS('Risk Register'!$J$2:$J$878,AX$77,'Risk Register'!$M$2:$M$878,$AU90,'Risk Register'!$L$2:$L$878,"<>"&"Closed") -> 0 | AY90: =COUNTIFS('Risk Register'!$J$2:$J$878,AY$77,'Risk Register'!$M$2:$M$878,$AU90,'Risk Register'!$L$2:$L$878,"<>"&"Closed") -> 0 | AZ90: =COUNTIFS('Risk Register'!$J$2:$J$878,AZ$77,'Risk Register'!$M$2:$M$878,$AU90,'Risk Register'!$L$2:$L$878,"<>"&"Closed") -> 0 | BA90: =SUM(AV90:AZ90) -> 0
AV91: =COUNTIFS('Risk Register'!$J$2:$J$878,AV$77,'Risk Register'!$M$2:$M$878,$AU91,'Risk Register'!$L$2:$L$878,"<>"&"Closed") -> 0 | AW91: =COUNTIFS('Risk Register'!$J$2:$J$878,AW$77,'Risk Register'!$M$2:$M$878,$AU91,'Risk Register'!$L$2:$L$878,"<>"&"Closed") -> 0 | AX91: =COUNTIFS('Risk Register'!$J$2:$J$878,AX$77,'Risk Register'!$M$2:$M$878,$AU91,'Risk Register'!$L$2:$L$878,"<>"&"Closed") -> 0 | AY91: =COUNTIFS('Risk Register'!$J$2:$J$878,AY$77,'Risk Register'!$M$2:$M$878,$AU91,'Risk Register'!$L$2:$L$878,"<>"&"Closed") -> 0 | AZ91: =COUNTIFS('Risk Register'!$J$2:$J$878,AZ$77,'Risk Register'!$M$2:$M$878,$AU91,'Risk Register'!$L$2:$L$878,"<>"&"Closed") -> 0 | BA91: =SUM(AV91:AZ91) -> 0
AV92: =COUNTIFS('Risk Register'!$J$2:$J$878,AV$77,'Risk Register'!$M$2:$M$878,$AU92,'Risk Register'!$L$2:$L$878,"<>"&"Closed") -> 0 | AW92: =COUNTIFS('Risk Register'!$J$2:$J$878,AW$77,'Risk Register'!$M$2:$M$878,$AU92,'Risk Register'!$L$2:$L$878,"<>"&"Closed") -> 0 | AX92: =COUNTIFS('Risk Register'!$J$2:$J$878,AX$77,'Risk Register'!$M$2:$M$878,$AU92,'Risk Register'!$L$2:$L$878,"<>"&"Closed") -> 0 | AY92: =COUNTIFS('Risk Register'!$J$2:$J$878,AY$77,'Risk Register'!$M$2:$M$878,$AU92,'Risk Register'!$L$2:$L$878,"<>"&"Closed") -> 0 | AZ92: =COUNTIFS('Risk Register'!$J$2:$J$878,AZ$77,'Risk Register'!$M$2:$M$878,$AU92,'Risk Register'!$L$2:$L$878,"<>"&"Closed") -> 0 | BA92: =SUM(AV92:AZ92) -> 0
AV93: =COUNTIFS('Risk Register'!$J$2:$J$878,AV$77,'Risk Register'!$M$2:$M$878,$AU93,'Risk Register'!$L$2:$L$878,"<>"&"Closed") -> 0 | AW93: =COUNTIFS('Risk Register'!$J$2:$J$878,AW$77,'Risk Register'!$M$2:$M$878,$AU93,'Risk Register'!$L$2:$L$878,"<>"&"Closed") -> 0 | AX93: =COUNTIFS('Risk Register'!$J$2:$J$878,AX$77,'Risk Register'!$M$2:$M$878,$AU93,'Risk Register'!$L$2:$L$878,"<>"&"Closed") -> 0 | AY93: =COUNTIFS('Risk Register'!$J$2:$J$878,AY$77,'Risk Register'!$M$2:$M$878,$AU93,'Risk Register'!$L$2:$L$878,"<>"&"Closed") -> 0 | AZ93: =COUNTIFS('Risk Register'!$J$2:$J$878,AZ$77,'Risk Register'!$M$2:$M$878,$AU93,'Risk Register'!$L$2:$L$878,"<>"&"Closed") -> 0 | BA93: =SUM(AV93:AZ93) -> 0
AV94: =COUNTIFS('Risk Register'!$J$2:$J$878,AV$77,'Risk Register'!$M$2:$M$878,$AU94,'Risk Register'!$L$2:$L$878,"<>"&"Closed") -> 0 | AW94: =COUNTIFS('Risk Register'!$J$2:$J$878,AW$77,'Risk Register'!$M$2:$M$878,$AU94,'Risk Register'!$L$2:$L$878,"<>"&"Closed") -> 0 | AX94: =COUNTIFS('Risk Register'!$J$2:$J$878,AX$77,'Risk Register'!$M$2:$M$878,$AU94,'Risk Register'!$L$2:$L$878,"<>"&"Closed") -> 0 | AY94: =COUNTIFS('Risk Register'!$J$2:$J$878,AY$77,'Risk Register'!$M$2:$M$878,$AU94,'Risk Register'!$L$2:$L$878,"<>"&"Closed") -> 0 | AZ94: =COUNTIFS('Risk Register'!$J$2:$J$878,AZ$77,'Risk Register'!$M$2:$M$878,$AU94,'Risk Register'!$L$2:$L$878,"<>"&"Closed") -> 0 | BA94: =SUM(AV94:AZ94) -> 0
AV95: =COUNTIFS('Risk Register'!$J$2:$J$878,AV$77,'Risk Register'!$M$2:$M$878,$AU95,'Risk Register'!$L$2:$L$878,"<>"&"Closed") -> 0 | AW95: =COUNTIFS('Risk Register'!$J$2:$J$878,AW$77,'Risk Register'!$M$2:$M$878,$AU95,'Risk Register'!$L$2:$L$878,"<>"&"Closed") -> 0 | AX95: =COUNTIFS('Risk Register'!$J$2:$J$878,AX$77,'Risk Register'!$M$2:$M$878,$AU95,'Risk Register'!$L$2:$L$878,"<>"&"Closed") -> 0 | AY95: =COUNTIFS('Risk Register'!$J$2:$J$878,AY$77,'Risk Register'!$M$2:$M$878,$AU95,'Risk Register'!$L$2:$L$878,"<>"&"Closed") -> 0 | AZ95: =COUNTIFS('Risk Register'!$J$2:$J$878,AZ$77,'Risk Register'!$M$2:$M$878,$AU95,'Risk Register'!$L$2:$L$878,"<>"&"Closed") -> 0 | BA95: =SUM(AV95:AZ95) -> 0
AV100: =SUM(AV89:AV95) -> 0 | AW100: =SUM(AW89:AW95) -> 0 | AX100: =SUM(AX89:AX95) -> 0 | AY100: =SUM(AY89:AY95) -> 0 | AZ100: =SUM(AZ89:AZ95) -> 0
AU101: Avoid | AV101: =COUNTIFS('Risk Register'!$J$2:$J$878,AV$77,'Risk Register'!$P$2:$P$878,$AU101,'Risk Register'!$L$2:$L$878,"<>"&"Closed") -> 0 | AW101: =COUNTIFS('Risk Register'!$J$2:$J$878,AW$77,'Risk Register'!$P$2:$P$878,$AU101,'Risk Register'!$L$2:$L$878,"<>"&"Closed") -> 0 | AX101: =COUNTIFS('Risk Register'!$J$2:$J$878,AX$77,'Risk Register'!$P$2:$P$878,$AU101,'Risk Register'!$L$2:$L$878,"<>"&"Closed") -> 1 | AY101: =COUNTIFS('Risk Register'!$J$2:$J$878,AY$77,'Risk Register'!$P$2:$P$878,$AU101,'Risk Register'!$L$2:$L$878,"<>"&"Closed") -> 0 | AZ101: =COUNTIFS('Risk Register'!$J$2:$J$878,AZ$77,'Risk Register'!$P$2:$P$878,$AU101,'Risk Register'!$L$2:$L$878,"<>"&"Closed") -> 0
AU102: Escalate | AV102: =COUNTIFS('Risk Register'!$J$2:$J$878,AV$77,'Risk Register'!$P$2:$P$878,$AU102,'Risk Register'!$L$2:$L$878,"<>"&"Closed") -> 0 | AW102: =COUNTIFS('Risk Register'!$J$2:$J$878,AW$77,'Risk Register'!$P$2:$P$878,$AU102,'Risk Register'!$L$2:$L$878,"<>"&"Closed") -> 0 | AX102: =COUNTIFS('Risk Register'!$J$2:$J$878,AX$77,'Risk Register'!$P$2:$P$878,$AU102,'Risk Register'!$L$2:$L$878,"<>"&"Closed") -> 0 | AY102: =COUNTIFS('Risk Register'!$J$2:$J$878,AY$77,'Risk Register'!$P$2:$P$878,$AU102,'Risk Register'!$L$2:$L$878,"<>"&"Closed") -> 0 | AZ102: =COUNTIFS('Risk Register'!$J$2:$J$878,AZ$77,'Risk Register'!$P$2:$P$878,$AU102,'Risk Register'!$L$2:$L$878,"<>"&"Closed") -> 1
AU103: Transfer | AV103: =COUNTIFS('Risk Register'!$J$2:$J$878,AV$77,'Risk Register'!$P$2:$P$878,$AU103,'Risk Register'!$L$2:$L$878,"<>"&"Closed") -> 0 | AW103: =COUNTIFS('Risk Register'!$J$2:$J$878,AW$77,'Risk Register'!$P$2:$P$878,$AU103,'Risk Register'!$L$2:$L$878,"<>"&"Closed") -> 0 | AX103: =COUNTIFS('Risk Register'!$J$2:$J$878,AX$77,'Risk Register'!$P$2:$P$878,$AU103,'Risk Register'!$L$2:$L$878,"<>"&"Closed") -> 0 | AY103: =COUNTIFS('Risk Register'!$J$2:$J$878,AY$77,'Risk Register'!$P$2:$P$878,$AU103,'Risk Register'!$L$2:$L$878,"<>"&"Closed") -> 1 | AZ103: =COUNTIFS('Risk Register'!$J$2:$J$878,AZ$77,'Risk Register'!$P$2:$P$878,$AU103,'Risk Register'!$L$2:$L$878,"<>"&"Closed") -> 0
AU104: Mitigate | AV104: =COUNTIFS('Risk Register'!$J$2:$J$878,AV$77,'Risk Register'!$P$2:$P$878,$AU104,'Risk Register'!$L$2:$L$878,"<>"&"Closed") -> 0 | AW104: =COUNTIFS('Risk Register'!$J$2:$J$878,AW$77,'Risk Register'!$P$2:$P$878,$AU104,'Risk Register'!$L$2:$L$878,"<>"&"Closed") -> 0 | AX104: =COUNTIFS('Risk Register'!$J$2:$J$878,AX$77,'Risk Register'!$P$2:$P$878,$AU104,'Risk Register'!$L$2:$L$878,"<>"&"Closed") -> 2 | AY104: =COUNTIFS('Risk Register'!$J$2:$J$878,AY$77,'Risk Register'!$P$2:$P$878,$AU104,'Risk Register'!$L$2:$L$878,"<>"&"Closed") -> 0 | AZ104: =COUNTIFS('Risk Register'!$J$2:$J$878,AZ$77,'Risk Register'!$P$2:$P$878,$AU104,'Risk Register'!$L$2:$L$878,"<>"&"Closed") -> 0
AU105: Accept | AV105: =COUNTIFS('Risk Register'!$J$2:$J$878,AV$77,'Risk Register'!$P$2:$P$878,$AU105,'Risk Register'!$L$2:$L$878,"<>"&"Closed") -> 0 | AW105: =COUNTIFS('Risk Register'!$J$2:$J$878,AW$77,'Risk Register'!$P$2:$P$878,$AU105,'Risk Register'!$L$2:$L$878,"<>"&"Closed") -> 1 | AX105: =COUNTIFS('Risk Register'!$J$2:$J$878,AX$77,'Risk Register'!$P$2:$P$878,$AU105,'Risk Register'!$L$2:$L$878,"<>"&"Closed") -> 0 | AY105: =COUNTIFS('Risk Register'!$J$2:$J$878,AY$77,'Risk Register'!$P$2:$P$878,$AU105,'Risk Register'!$L$2:$L$878,"<>"&"Closed") -> 0 | AZ105: =COUNTIFS('Risk Register'!$J$2:$J$878,AZ$77,'Risk Register'!$P$2:$P$878,$AU105,'Risk Register'!$L$2:$L$878,"<>"&"Closed") -> 0
AV106: =AV107&" Very High" -> 0 Very High | AW106: =AW107&" High Risk" -> 0 High Risk | AX106: =AX107& " Medium Risk" -> 0 Medium Risk | AY106: =AY107&" Low Risk" -> 0 Low Risk | AZ106: =AZ107&" Very Low Risk" -> 0 Very Low Risk | BA106: total
AV107: =SUM(AV108:AV115) -> 0 | AW107: =SUM(AW108:AW115) -> 0 | AX107: =SUM(AX108:AX115) -> 0 | AY107: =SUM(AY108:AY115) -> 0 | AZ107: =SUM(AZ108:AZ115) -> 0 | BA107: =SUM(AV107:AZ107) -> 0
AV108: =COUNTIFS('Risk Register'!$J$2:$J$878,AV$77,'Risk Register'!$F$2:$F$878,$AU108,'Risk Register'!$L$2:$L$878,"<>"&"Closed") -> 0 | AW108: =COUNTIFS('Risk Register'!$J$2:$J$878,AW$77,'Risk Register'!$F$2:$F$878,$AU108,'Risk Register'!$L$2:$L$878,"<>"&"Closed") -> 0 | AX108: =COUNTIFS('Risk Register'!$J$2:$J$878,AX$77,'Risk Register'!$F$2:$F$878,$AU108,'Risk Register'!$L$2:$L$878,"<>"&"Closed") -> 0 | AY108: =COUNTIFS('Risk Register'!$J$2:$J$878,AY$77,'Risk Register'!$F$2:$F$878,$AU108,'Risk Register'!$L$2:$L$878,"<>"&"Closed") -> 0 | AZ108: =COUNTIFS('Risk Register'!$J$2:$J$878,AZ$77,'Risk Register'!$F$2:$F$878,$AU108,'Risk Register'!$L$2:$L$878,"<>"&"Closed") -> 0 | BA108: =SUM(AV108:AZ108) -> 0
AV109: =COUNTIFS('Risk Register'!$J$2:$J$878,AV$77,'Risk Register'!$F$2:$F$878,$AU109,'Risk Register'!$L$2:$L$878,"<>"&"Closed") -> 0 | AW109: =COUNTIFS('Risk Register'!$J$2:$J$878,AW$77,'Risk Register'!$F$2:$F$878,$AU109,'Risk Register'!$L$2:$L$878,"<>"&"Closed") -> 0 | AX109: =COUNTIFS('Risk Register'!$J$2:$J$878,AX$77,'Risk Register'!$F$2:$F$878,$AU109,'Risk Register'!$L$2:$L$878,"<>"&"Closed") -> 0 | AY109: =COUNTIFS('Risk Register'!$J$2:$J$878,AY$77,'Risk Register'!$F$2:$F$878,$AU109,'Risk Register'!$L$2:$L$878,"<>"&"Closed") -> 0 | AZ109: =COUNTIFS('Risk Register'!$J$2:$J$878,AZ$77,'Risk Register'!$F$2:$F$878,$AU109,'Risk Register'!$L$2:$L$878,"<>"&"Closed") -> 0 | BA109: =SUM(AV109:AZ109) -> 0
AV110: =COUNTIFS('Risk Register'!$J$2:$J$878,AV$77,'Risk Register'!$F$2:$F$878,$AU110,'Risk Register'!$L$2:$L$878,"<>"&"Closed") -> 0 | AW110: =COUNTIFS('Risk Register'!$J$2:$J$878,AW$77,'Risk Register'!$F$2:$F$878,$AU110,'Risk Register'!$L$2:$L$878,"<>"&"Closed") -> 0 | AX110: =COUNTIFS('Risk Register'!$J$2:$J$878,AX$77,'Risk Register'!$F$2:$F$878,$AU110,'Risk Register'!$L$2:$L$878,"<>"&"Closed") -> 0 | AY110: =COUNTIFS('Risk Register'!$J$2:$J$878,AY$77,'Risk Register'!$F$2:$F$878,$AU110,'Risk Register'!$L$2:$L$878,"<>"&"Closed") -> 0 | AZ110: =COUNTIFS('Risk Register'!$J$2:$J$878,AZ$77,'Risk Register'!$F$2:$F$878,$AU110,'Risk Register'!$L$2:$L$878,"<>"&"Closed") -> 0 | BA110: =SUM(AV110:AZ110) -> 0
AV111: =COUNTIFS('Risk Register'!$J$2:$J$878,AV$77,'Risk Register'!$F$2:$F$878,$AU111,'Risk Register'!$L$2:$L$878,"<>"&"Closed") -> 0 | AW111: =COUNTIFS('Risk Register'!$J$2:$J$878,AW$77,'Risk Register'!$F$2:$F$878,$AU111,'Risk Register'!$L$2:$L$878,"<>"&"Closed") -> 0 | AX111: =COUNTIFS('Risk Register'!$J$2:$J$878,AX$77,'Risk Register'!$F$2:$F$878,$AU111,'Risk Register'!$L$2:$L$878,"<>"&"Closed") -> 0 | AY111: =COUNTIFS('Risk Register'!$J$2:$J$878,AY$77,'Risk Register'!$F$2:$F$878,$AU111,'Risk Register'!$L$2:$L$878,"<>"&"Closed") -> 0 | AZ111: =COUNTIFS('Risk Register'!$J$2:$J$878,AZ$77,'Risk Register'!$F$2:$F$878,$AU111,'Risk Register'!$L$2:$L$878,"<>"&"Closed") -> 0 | BA111: =SUM(AV111:AZ111) -> 0
AV112: =COUNTIFS('Risk Register'!$J$2:$J$878,AV$77,'Risk Register'!$F$2:$F$878,$AU112,'Risk Register'!$L$2:$L$878,"<>"&"Closed") -> 0 | AW112: =COUNTIFS('Risk Register'!$J$2:$J$878,AW$77,'Risk Register'!$F$2:$F$878,$AU112,'Risk Register'!$L$2:$L$878,"<>"&"Closed") -> 0 | AX112: =COUNTIFS('Risk Register'!$J$2:$J$878,AX$77,'Risk Register'!$F$2:$F$878,$AU112,'Risk Register'!$L$2:$L$878,"<>"&"Closed") -> 0 | AY112: =COUNTIFS('Risk Register'!$J$2:$J$878,AY$77,'Risk Register'!$F$2:$F$878,$AU112,'Risk Register'!$L$2:$L$878,"<>"&"Closed") -> 0 | AZ112: =COUNTIFS('Risk Register'!$J$2:$J$878,AZ$77,'Risk Register'!$F$2:$F$878,$AU112,'Risk Register'!$L$2:$L$878,"<>"&"Closed") -> 0 | BA112: =SUM(AV112:AZ112) -> 0
AV113: =COUNTIFS('Risk Register'!$J$2:$J$878,AV$77,'Risk Register'!$F$2:$F$878,$AU113,'Risk Register'!$L$2:$L$878,"<>"&"Closed") -> 0 | AW113: =COUNTIFS('Risk Register'!$J$2:$J$878,AW$77,'Risk Register'!$F$2:$F$878,$AU113,'Risk Register'!$L$2:$L$878,"<>"&"Closed") -> 0 | AX113: =COUNTIFS('Risk Register'!$J$2:$J$878,AX$77,'Risk Register'!$F$2:$F$878,$AU113,'Risk Register'!$L$2:$L$878,"<>"&"Closed") -> 0 | AY113: =COUNTIFS('Risk Register'!$J$2:$J$878,AY$77,'Risk Register'!$F$2:$F$878,$AU113,'Risk Register'!$L$2:$L$878,"<>"&"Closed") -> 0 | AZ113: =COUNTIFS('Risk Register'!$J$2:$J$878,AZ$77,'Risk Register'!$F$2:$F$878,$AU113,'Risk Register'!$L$2:$L$878,"<>"&"Closed") -> 0 | BA113: =SUM(AV113:AZ113) -> 0
AV114: =COUNTIFS('Risk Register'!$J$2:$J$878,AV$77,'Risk Register'!$F$2:$F$878,$AU114,'Risk Register'!$L$2:$L$878,"<>"&"Closed") -> 0 | AW114: =COUNTIFS('Risk Register'!$J$2:$J$878,AW$77,'Risk Register'!$F$2:$F$878,$AU114,'Risk Register'!$L$2:$L$878,"<>"&"Closed") -> 0 | AX114: =COUNTIFS('Risk Register'!$J$2:$J$878,AX$77,'Risk Register'!$F$2:$F$878,$AU114,'Risk Register'!$L$2:$L$878,"<>"&"Closed") -> 0 | AY114: =COUNTIFS('Risk Register'!$J$2:$J$878,AY$77,'Risk Register'!$F$2:$F$878,$AU114,'Risk Register'!$L$2:$L$878,"<>"&"Closed") -> 0 | AZ114: =COUNTIFS('Risk Register'!$J$2:$J$878,AZ$77,'Risk Register'!$F$2:$F$878,$AU114,'Risk Register'!$L$2:$L$878,"<>"&"Closed") -> 0 | BA114: =SUM(AV114:AZ114) -> 0
AV115: =COUNTIFS('Risk Register'!$J$2:$J$878,AV$77,'Risk Register'!$F$2:$F$878,$AU115,'Risk Register'!$L$2:$L$878,"<>"&"Closed") -> 0 | AW115: =COUNTIFS('Risk Register'!$J$2:$J$878,AW$77,'Risk Register'!$F$2:$F$878,$AU115,'Risk Register'!$L$2:$L$878,"<>"&"Closed") -> 0 | AX115: =COUNTIFS('Risk Register'!$J$2:$J$878,AX$77,'Risk Register'!$F$2:$F$878,$AU115,'Risk Register'!$L$2:$L$878,"<>"&"Closed") -> 0 | AY115: =COUNTIFS('Risk Register'!$J$2:$J$878,AY$77,'Risk Register'!$F$2:$F$878,$AU115,'Risk Register'!$L$2:$L$878,"<>"&"Closed") -> 0 | AZ115: =COUNTIFS('Risk Register'!$J$2:$J$878,AZ$77,'Risk Register'!$F$2:$F$878,$AU115,'Risk Register'!$L$2:$L$878,"<>"&"Closed") -> 0 | BA115: =SUM(AV115:AZ115) -> 0

Sheet Risk Register
A1: ID | B1: Helper_Row | C1: Risk Description | D1: Risk Effect on Objectives | E1: Impact Area | F1: Impact Category | G1: Impact Rating | H1: Probability | I1: Risk Score | J1: Risk Priority | K1: Risk Ranking | L1: Status | M1: Risk Owner | N1: Date Raised | O1: Closed Date | P1: Mitigation Strategy | Q1: Risk Response
A2: =IF($B2="","",IF(IFERROR(INDEX('RAID Log'!$1:$1048576,$B2,MATCH("RAID ID",'RAID Log'!$1:$1,0)),"")="","",IFERROR(INDEX('RAID Log'!$1:$1048576,$B2,MATCH("RAID ID",'RAID Log'!$1:$1,0)),""))) -> 1 | B2: =IFERROR(MATCH(ROW()-1,'RAID Log'!$S:$S,0),"") -> 2 | C2: =IF($B2="","",IF(IFERROR(INDEX('RAID Log'!$1:$1048576,$B2,MATCH("Description",'RAID Log'!$1:$1,0)),"")="","",IFERROR(INDEX('RAID Log'!$1:$1048576,$B2,MATCH("Description",'RAID Log'!$1:$1,0)),""))) -> D 1 | D2: =IF($B2="","",IF(IFERROR(INDEX('RAID Log'!$1:$1048576,$B2,MATCH("Impact/Effect of the RAID",'RAID Log'!$1:$1,0)),"")="","",IFERROR(INDEX('RAID Log'!$1:$1048576,$B2,MATCH("Impact/Effect of the RAID",'RAID Log'!$1:$1,0)),""))) -> Impact and Effect 1 | E2: =IF($B2="","",IF(IFERROR(INDEX('RAID Log'!$1:$1048576,$B2,MATCH("Impact Area",'RAID Log'!$1:$1,0)),"")="","",IFERROR(INDEX('RAID Log'!$1:$1048576,$B2,MATCH("Impact Area",'RAID Log'!$1:$1,0)),""))) -> Cost | F2: =IF($B2="","",IF(IFERROR(INDEX('RAID Log'!$1:$1048576,$B2,MATCH("Impact Area",'RAID Log'!$1:$1,0)),"")="","",IFERROR(INDEX('RAID Log'!$1:$1048576,$B2,MATCH("Impact Area",'RAID Log'!$1:$1,0)),""))) -> Cost | G2: =IF($B2="","",IF(IFERROR(INDEX('RAID Log'!$1:$1048576,$B2,MATCH("Impact Rating",'RAID Log'!$1:$1,0)),"")="","",IFERROR(INDEX('RAID Log'!$1:$1048576,$B2,MATCH("Impact Rating",'RAID Log'!$1:$1,0)),""))) -> Moderate | H2: =IF($B2="","",IF(IFERROR(INDEX('RAID Log'!$1:$1048576,$B2,MATCH("Initial Probability",'RAID Log'!$1:$1,0)),"")="","",IFERROR(INDEX('RAID Log'!$1:$1048576,$B2,MATCH("Initial Probability",'RAID Log'!$1:$1,0)),""))) -> Average | I2: =IF($B2="","",(IF($G2="Severe",25,IF($G2="Major",20,IF($G2="Moderate",15,IF($G2="Minor",10,IF($G2="Insignificant",5,0))))))*IF($H2="Very High",1,IF($H2="High",0.8,IF($H2="Average",0.6,IF($H2="Low",0.4,IF($H2="Very Low",0.2,0)))))) -> 9 | J2: =IF($B2="","",IF($I2>20,"Critical",IF($I2>15,"High",IF($I2>8,"Moderate",IF($I2>3,"Tolerable","Negligible"))))) -> Moderate | K2: =IF(OR($B2="",UPPER($L2)="CLOSED"),"",COUNTIFS($L$2:$L$880,"<>Closed",$I$2:$I$880,">"&$I2)+COUNTIFS($L$2:$L$880,"<>Closed",$I$2:$I$880,$I2,$N$2:$N$880,"<"&$N2)+COUNTIFS($L$2:$L$880,"<>Closed",$I$2:$I$880,$I2,$N$2:$N$880,$N2,$B$2:$B$880,"<"&$B2)+1) -> 3 | L2: =IF($B2="","",IF(IFERROR(INDEX('RAID Log'!$1:$1048576,$B2,MATCH("Status",'RAID Log'!$1:$1,0)),"")="","",IFERROR(INDEX('RAID Log'!$1:$1048576,$B2,MATCH("Status",'RAID Log'!$1:$1,0)),""))) -> Not Started | M2: =IF($B2="","",IF(IFERROR(INDEX('RAID Log'!$1:$1048576,$B2,MATCH("RAID Owner",'RAID Log'!$1:$1,0)),"")="","",IFERROR(INDEX('RAID Log'!$1:$1048576,$B2,MATCH("RAID Owner",'RAID Log'!$1:$1,0)),""))) -> Owner 1 | N2: =IF($B2="","",IF(IFERROR(INDEX('RAID Log'!$1:$1048576,$B2,MATCH("Date Raised",'RAID Log'!$1:$1,0)),"")="","",IFERROR(INDEX('RAID Log'!$1:$1048576,$B2,MATCH("Date Raised",'RAID Log'!$1:$1,0)),""))) -> 45992 | O2: =IF($B2="","",IF(IFERROR(INDEX('RAID Log'!$1:$1048576,$B2,MATCH("Closed Date",'RAID Log'!$1:$1,0)),"")="","",IFERROR(INDEX('RAID Log'!$1:$1048576,$B2,MATCH("Closed Date",'RAID Log'!$1:$1,0)),""))) | P2: =IF($B2="","",IF(IFERROR(INDEX('RAID Log'!$1:$1048576,$B2,MATCH("Mitigation Strategy",'RAID Log'!$1:$1,0)),"")="","",IFERROR(INDEX('RAID Log'!$1:$1048576,$B2,MATCH("Mitigation Strategy",'RAID Log'!$1:$1,0)),""))) -> Mitigate | Q2: =IF($B2="","",IF(IFERROR(INDEX('RAID Log'!$1:$1048576,$B2,MATCH("RAID Response/Plan",'RAID Log'!$1:$1,0)),"")="","",IFERROR(INDEX('RAID Log'!$1:$1048576,$B2,MATCH("RAID Response/Plan",'RAID Log'!$1:$1,0)),"")))
A3: =IF($B3="","",IF(IFERROR(INDEX('RAID Log'!$1:$1048576,$B3,MATCH("RAID ID",'RAID Log'!$1:$1,0)),"")="","",IFERROR(INDEX('RAID Log'!$1:$1048576,$B3,MATCH("RAID ID",'RAID Log'!$1:$1,0)),""))) -> 4 | B3: =IFERROR(MATCH(ROW()-1,'RAID Log'!$S:$S,0),"") -> 5 | C3: =IF($B3="","",IF(IFERROR(INDEX('RAID Log'!$1:$1048576,$B3,MATCH("Description",'RAID Log'!$1:$1,0)),"")="","",IFERROR(INDEX('RAID Log'!$1:$1048576,$B3,MATCH("Description",'RAID Log'!$1:$1,0)),""))) -> D 4 | D3: =IF($B3="","",IF(IFERROR(INDEX('RAID Log'!$1:$1048576,$B3,MATCH("Impact/Effect of the RAID",'RAID Log'!$1:$1,0)),"")="","",IFERROR(INDEX('RAID Log'!$1:$1048576,$B3,MATCH("Impact/Effect of the RAID",'RAID Log'!$1:$1,0)),""))) -> Impact and Effect 4 | E3: =IF($B3="","",IF(IFERROR(INDEX('RAID Log'!$1:$1048576,$B3,MATCH("Impact Area",'RAID Log'!$1:$1,0)),"")="","",IFERROR(INDEX('RAID Log'!$1:$1048576,$B3,MATCH("Impact Area",'RAID Log'!$1:$1,0)),""))) -> Security/Compliance | F3: =IF($B3="","",IF(IFERROR(INDEX('RAID Log'!$1:$1048576,$B3,MATCH("Impact Area",'RAID Log'!$1:$1,0)),"")="","",IFERROR(INDEX('RAID Log'!$1:$1048576,$B3,MATCH("Impact Area",'RAID Log'!$1:$1,0)),""))) -> Security/Compliance | G3: =IF($B3="","",IF(IFERROR(INDEX('RAID Log'!$1:$1048576,$B3,MATCH("Impact Rating",'RAID Log'!$1:$1,0)),"")="","",IFERROR(INDEX('RAID Log'!$1:$1048576,$B3,MATCH("Impact Rating",'RAID Log'!$1:$1,0)),""))) -> Minor | H3: =IF($B3="","",IF(IFERROR(INDEX('RAID Log'!$1:$1048576,$B3,MATCH("Initial Probability",'RAID Log'!$1:$1,0)),"")="","",IFERROR(INDEX('RAID Log'!$1:$1048576,$B3,MATCH("Initial Probability",'RAID Log'!$1:$1,0)),""))) -> Very High | I3: =IF($B3="","",(IF($G3="Severe",25,IF($G3="Major",20,IF($G3="Moderate",15,IF($G3="Minor",10,IF($G3="Insignificant",5,0))))))*IF($H3="Very High",1,IF($H3="High",0.8,IF($H3="Average",0.6,IF($H3="Low",0.4,IF($H3="Very Low",0.2,0)))))) -> 10 | J3: =IF($B3="","",IF($I3>20,"Critical",IF($I3>15,"High",IF($I3>8,"Moderate",IF($I3>3,"Tolerable","Negligible"))))) -> Moderate | K3: =IF(OR($B3="",UPPER($L3)="CLOSED"),"",COUNTIFS($L$2:$L$880,"<>Closed",$I$2:$I$880,">"&$I3)+COUNTIFS($L$2:$L$880,"<>Closed",$I$2:$I$880,$I3,$N$2:$N$880,"<"&$N3)+COUNTIFS($L$2:$L$880,"<>Closed",$I$2:$I$880,$I3,$N$2:$N$880,$N3,$B$2:$B$880,"<"&$B3)+1) | L3: =IF($B3="","",IF(IFERROR(INDEX('RAID Log'!$1:$1048576,$B3,MATCH("Status",'RAID Log'!$1:$1,0)),"")="","",IFERROR(INDEX('RAID Log'!$1:$1048576,$B3,MATCH("Status",'RAID Log'!$1:$1,0)),""))) -> Closed | M3: =IF($B3="","",IF(IFERROR(INDEX('RAID Log'!$1:$1048576,$B3,MATCH("RAID Owner",'RAID Log'!$1:$1,0)),"")="","",IFERROR(INDEX('RAID Log'!$1:$1048576,$B3,MATCH("RAID Owner",'RAID Log'!$1:$1,0)),""))) -> Owner 4 | N3: =IF($B3="","",IF(IFERROR(INDEX('RAID Log'!$1:$1048576,$B3,MATCH("Date Raised",'RAID Log'!$1:$1,0)),"")="","",IFERROR(INDEX('RAID Log'!$1:$1048576,$B3,MATCH("Date Raised",'RAID Log'!$1:$1,0)),""))) -> 46039 | O3: =IF($B3="","",IF(IFERROR(INDEX('RAID Log'!$1:$1048576,$B3,MATCH("Closed Date",'RAID Log'!$1:$1,0)),"")="","",IFERROR(INDEX('RAID Log'!$1:$1048576,$B3,MATCH("Closed Date",'RAID Log'!$1:$1,0)),""))) -> 46049 | P3: =IF($B3="","",IF(IFERROR(INDEX('RAID Log'!$1:$1048576,$B3,MATCH("Mitigation Strategy",'RAID Log'!$1:$1,0)),"")="","",IFERROR(INDEX('RAID Log'!$1:$1048576,$B3,MATCH("Mitigation Strategy",'RAID Log'!$1:$1,0)),""))) -> Accept | Q3: =IF($B3="","",IF(IFERROR(INDEX('RAID Log'!$1:$1048576,$B3,MATCH("RAID Response/Plan",'RAID Log'!$1:$1,0)),"")="","",IFERROR(INDEX('RAID Log'!$1:$1048576,$B3,MATCH("RAID Response/Plan",'RAID Log'!$1:$1,0)),"")))
A4: =IF($B4="","",IF(IFERROR(INDEX('RAID Log'!$1:$1048576,$B4,MATCH("RAID ID",'RAID Log'!$1:$1,0)),"")="","",IFERROR(INDEX('RAID Log'!$1:$1048576,$B4,MATCH("RAID ID",'RAID Log'!$1:$1,0)),""))) -> 6 | B4: =IFERROR(MATCH(ROW()-1,'RAID Log'!$S:$S,0),"") -> 7 | C4: =IF($B4="","",IF(IFERROR(INDEX('RAID Log'!$1:$1048576,$B4,MATCH("Description",'RAID Log'!$1:$1,0)),"")="","",IFERROR(INDEX('RAID Log'!$1:$1048576,$B4,MATCH("Description",'RAID Log'!$1:$1,0)),""))) -> D 6 | D4: =IF($B4="","",IF(IFERROR(INDEX('RAID Log'!$1:$1048576,$B4,MATCH("Impact/Effect of the RAID",'RAID Log'!$1:$1,0)),"")="","",IFERROR(INDEX('RAID Log'!$1:$1048576,$B4,MATCH("Impact/Effect of the RAID",'RAID Log'!$1:$1,0)),""))) -> Impact and Effect 6 | E4: =IF($B4="","",IF(IFERROR(INDEX('RAID Log'!$1:$1048576,$B4,MATCH("Impact Area",'RAID Log'!$1:$1,0)),"")="","",IFERROR(INDEX('RAID Log'!$1:$1048576,$B4,MATCH("Impact Area",'RAID Log'!$1:$1,0)),""))) -> Security/Compliance | F4: =IF($B4="","",IF(IFERROR(INDEX('RAID Log'!$1:$1048576,$B4,MATCH("Impact Area",'RAID Log'!$1:$1,0)),"")="","",IFERROR(INDEX('RAID Log'!$1:$1048576,$B4,MATCH("Impact Area",'RAID Log'!$1:$1,0)),""))) -> Security/Compliance | G4: =IF($B4="","",IF(IFERROR(INDEX('RAID Log'!$1:$1048576,$B4,MATCH("Impact Rating",'RAID Log'!$1:$1,0)),"")="","",IFERROR(INDEX('RAID Log'!$1:$1048576,$B4,MATCH("Impact Rating",'RAID Log'!$1:$1,0)),""))) -> Moderate | H4: =IF($B4="","",IF(IFERROR(INDEX('RAID Log'!$1:$1048576,$B4,MATCH("Initial Probability",'RAID Log'!$1:$1,0)),"")="","",IFERROR(INDEX('RAID Log'!$1:$1048576,$B4,MATCH("Initial Probability",'RAID Log'!$1:$1,0)),""))) -> Very Low | I4: =IF($B4="","",(IF($G4="Severe",25,IF($G4="Major",20,IF($G4="Moderate",15,IF($G4="Minor",10,IF($G4="Insignificant",5,0))))))*IF($H4="Very High",1,IF($H4="High",0.8,IF($H4="Average",0.6,IF($H4="Low",0.4,IF($H4="Very Low",0.2,0)))))) -> 3 | J4: =IF($B4="","",IF($I4>20,"Critical",IF($I4>15,"High",IF($I4>8,"Moderate",IF($I4>3,"Tolerable","Negligible"))))) -> Negligible | K4: =IF(OR($B4="",UPPER($L4)="CLOSED"),"",COUNTIFS($L$2:$L$880,"<>Closed",$I$2:$I$880,">"&$I4)+COUNTIFS($L$2:$L$880,"<>Closed",$I$2:$I$880,$I4,$N$2:$N$880,"<"&$N4)+COUNTIFS($L$2:$L$880,"<>Closed",$I$2:$I$880,$I4,$N$2:$N$880,$N4,$B$2:$B$880,"<"&$B4)+1) -> 6 | L4: =IF($B4="","",IF(IFERROR(INDEX('RAID Log'!$1:$1048576,$B4,MATCH("Status",'RAID Log'!$1:$1,0)),"")="","",IFERROR(INDEX('RAID Log'!$1:$1048576,$B4,MATCH("Status",'RAID Log'!$1:$1,0)),""))) -> Behind | M4: =IF($B4="","",IF(IFERROR(INDEX('RAID Log'!$1:$1048576,$B4,MATCH("RAID Owner",'RAID Log'!$1:$1,0)),"")="","",IFERROR(INDEX('RAID Log'!$1:$1048576,$B4,MATCH("RAID Owner",'RAID Log'!$1:$1,0)),""))) -> Owner 6 | N4: =IF($B4="","",IF(IFERROR(INDEX('RAID Log'!$1:$1048576,$B4,MATCH("Date Raised",'RAID Log'!$1:$1,0)),"")="","",IFERROR(INDEX('RAID Log'!$1:$1048576,$B4,MATCH("Date Raised",'RAID Log'!$1:$1,0)),""))) -> 46053 | O4: =IF($B4="","",IF(IFERROR(INDEX('RAID Log'!$1:$1048576,$B4,MATCH("Closed Date",'RAID Log'!$1:$1,0)),"")="","",IFERROR(INDEX('RAID Log'!$1:$1048576,$B4,MATCH("Closed Date",'RAID Log'!$1:$1,0)),""))) | P4: =IF($B4="","",IF(IFERROR(INDEX('RAID Log'!$1:$1048576,$B4,MATCH("Mitigation Strategy",'RAID Log'!$1:$1,0)),"")="","",IFERROR(INDEX('RAID Log'!$1:$1048576,$B4,MATCH("Mitigation Strategy",'RAID Log'!$1:$1,0)),""))) -> Escalate | Q4: =IF($B4="","",IF(IFERROR(INDEX('RAID Log'!$1:$1048576,$B4,MATCH("RAID Response/Plan",'RAID Log'!$1:$1,0)),"")="","",IFERROR(INDEX('RAID Log'!$1:$1048576,$B4,MATCH("RAID Response/Plan",'RAID Log'!$1:$1,0)),"")))
A5: =IF($B5="","",IF(IFERROR(INDEX('RAID Log'!$1:$1048576,$B5,MATCH("RAID ID",'RAID Log'!$1:$1,0)),"")="","",IFERROR(INDEX('RAID Log'!$1:$1048576,$B5,MATCH("RAID ID",'RAID Log'!$1:$1,0)),""))) -> 9 | B5: =IFERROR(MATCH(ROW()-1,'RAID Log'!$S:$S,0),"") -> 10 | C5: =IF($B5="","",IF(IFERROR(INDEX('RAID Log'!$1:$1048576,$B5,MATCH("Description",'RAID Log'!$1:$1,0)),"")="","",IFERROR(INDEX('RAID Log'!$1:$1048576,$B5,MATCH("Description",'RAID Log'!$1:$1,0)),""))) -> D 9 | D5: =IF($B5="","",IF(IFERROR(INDEX('RAID Log'!$1:$1048576,$B5,MATCH("Impact/Effect of the RAID",'RAID Log'!$1:$1,0)),"")="","",IFERROR(INDEX('RAID Log'!$1:$1048576,$B5,MATCH("Impact/Effect of the RAID",'RAID Log'!$1:$1,0)),""))) -> Impact and Effect 9 | E5: =IF($B5="","",IF(IFERROR(INDEX('RAID Log'!$1:$1048576,$B5,MATCH("Impact Area",'RAID Log'!$1:$1,0)),"")="","",IFERROR(INDEX('RAID Log'!$1:$1048576,$B5,MATCH("Impact Area",'RAID Log'!$1:$1,0)),""))) -> Schedule | F5: =IF($B5="","",IF(IFERROR(INDEX('RAID Log'!$1:$1048576,$B5,MATCH("Impact Area",'RAID Log'!$1:$1,0)),"")="","",IFERROR(INDEX('RAID Log'!$1:$1048576,$B5,MATCH("Impact Area",'RAID Log'!$1:$1,0)),""))) -> Schedule | G5: =IF($B5="","",IF(IFERROR(INDEX('RAID Log'!$1:$1048576,$B5,MATCH("Impact Rating",'RAID Log'!$1:$1,0)),"")="","",IFERROR(INDEX('RAID Log'!$1:$1048576,$B5,MATCH("Impact Rating",'RAID Log'!$1:$1,0)),""))) -> Minor | H5: =IF($B5="","",IF(IFERROR(INDEX('RAID Log'!$1:$1048576,$B5,MATCH("Initial Probability",'RAID Log'!$1:$1,0)),"")="","",IFERROR(INDEX('RAID Log'!$1:$1048576,$B5,MATCH("Initial Probability",'RAID Log'!$1:$1,0)),""))) -> Very High | I5: =IF($B5="","",(IF($G5="Severe",25,IF($G5="Major",20,IF($G5="Moderate",15,IF($G5="Minor",10,IF($G5="Insignificant",5,0))))))*IF($H5="Very High",1,IF($H5="High",0.8,IF($H5="Average",0.6,IF($H5="Low",0.4,IF($H5="Very Low",0.2,0)))))) -> 10 | J5: =IF($B5="","",IF($I5>20,"Critical",IF($I5>15,"High",IF($I5>8,"Moderate",IF($I5>3,"Tolerable","Negligible"))))) -> Moderate | K5: =IF(OR($B5="",UPPER($L5)="CLOSED"),"",COUNTIFS($L$2:$L$880,"<>Closed",$I$2:$I$880,">"&$I5)+COUNTIFS($L$2:$L$880,"<>Closed",$I$2:$I$880,$I5,$N$2:$N$880,"<"&$N5)+COUNTIFS($L$2:$L$880,"<>Closed",$I$2:$I$880,$I5,$N$2:$N$880,$N5,$B$2:$B$880,"<"&$B5)+1) -> 2 | L5: =IF($B5="","",IF(IFERROR(INDEX('RAID Log'!$1:$1048576,$B5,MATCH("Status",'RAID Log'!$1:$1,0)),"")="","",IFERROR(INDEX('RAID Log'!$1:$1048576,$B5,MATCH("Status",'RAID Log'!$1:$1,0)),""))) -> In-Progress | M5: =IF($B5="","",IF(IFERROR(INDEX('RAID Log'!$1:$1048576,$B5,MATCH("RAID Owner",'RAID Log'!$1:$1,0)),"")="","",IFERROR(INDEX('RAID Log'!$1:$1048576,$B5,MATCH("RAID Owner",'RAID Log'!$1:$1,0)),""))) -> Owner 9 | N5: =IF($B5="","",IF(IFERROR(INDEX('RAID Log'!$1:$1048576,$B5,MATCH("Date Raised",'RAID Log'!$1:$1,0)),"")="","",IFERROR(INDEX('RAID Log'!$1:$1048576,$B5,MATCH("Date Raised",'RAID Log'!$1:$1,0)),""))) -> 46074 | O5: =IF($B5="","",IF(IFERROR(INDEX('RAID Log'!$1:$1048576,$B5,MATCH("Closed Date",'RAID Log'!$1:$1,0)),"")="","",IFERROR(INDEX('RAID Log'!$1:$1048576,$B5,MATCH("Closed Date",'RAID Log'!$1:$1,0)),""))) | P5: =IF($B5="","",IF(IFERROR(INDEX('RAID Log'!$1:$1048576,$B5,MATCH("Mitigation Strategy",'RAID Log'!$1:$1,0)),"")="","",IFERROR(INDEX('RAID Log'!$1:$1048576,$B5,MATCH("Mitigation Strategy",'RAID Log'!$1:$1,0)),""))) -> Avoid | Q5: =IF($B5="","",IF(IFERROR(INDEX('RAID Log'!$1:$1048576,$B5,MATCH("RAID Response/Plan",'RAID Log'!$1:$1,0)),"")="","",IFERROR(INDEX('RAID Log'!$1:$1048576,$B5,MATCH("RAID Response/Plan",'RAID Log'!$1:$1,0)),"")))
A6: =IF($B6="","",IF(IFERROR(INDEX('RAID Log'!$1:$1048576,$B6,MATCH("RAID ID",'RAID Log'!$1:$1,0)),"")="","",IFERROR(INDEX('RAID Log'!$1:$1048576,$B6,MATCH("RAID ID",'RAID Log'!$1:$1,0)),""))) -> 11 | B6: =IFERROR(MATCH(ROW()-1,'RAID Log'!$S:$S,0),"") -> 12 | C6: =IF($B6="","",IF(IFERROR(INDEX('RAID Log'!$1:$1048576,$B6,MATCH("Description",'RAID Log'!$1:$1,0)),"")="","",IFERROR(INDEX('RAID Log'!$1:$1048576,$B6,MATCH("Description",'RAID Log'!$1:$1,0)),""))) -> D 11 | D6: =IF($B6="","",IF(IFERROR(INDEX('RAID Log'!$1:$1048576,$B6,MATCH("Impact/Effect of the RAID",'RAID Log'!$1:$1,0)),"")="","",IFERROR(INDEX('RAID Log'!$1:$1048576,$B6,MATCH("Impact/Effect of the RAID",'RAID Log'!$1:$1,0)),""))) -> Impact and Effect 11 | E6: =IF($B6="","",IF(IFERROR(INDEX('RAID Log'!$1:$1048576,$B6,MATCH("Impact Area",'RAID Log'!$1:$1,0)),"")="","",IFERROR(INDEX('RAID Log'!$1:$1048576,$B6,MATCH("Impact Area",'RAID Log'!$1:$1,0)),""))) -> Cost | F6: =IF($B6="","",IF(IFERROR(INDEX('RAID Log'!$1:$1048576,$B6,MATCH("Impact Area",'RAID Log'!$1:$1,0)),"")="","",IFERROR(INDEX('RAID Log'!$1:$1048576,$B6,MATCH("Impact Area",'RAID Log'!$1:$1,0)),""))) -> Cost | G6: =IF($B6="","",IF(IFERROR(INDEX('RAID Log'!$1:$1048576,$B6,MATCH("Impact Rating",'RAID Log'!$1:$1,0)),"")="","",IFERROR(INDEX('RAID Log'!$1:$1048576,$B6,MATCH("Impact Rating",'RAID Log'!$1:$1,0)),""))) -> Moderate | H6: =IF($B6="","",IF(IFERROR(INDEX('RAID Log'!$1:$1048576,$B6,MATCH("Initial Probability",'RAID Log'!$1:$1,0)),"")="","",IFERROR(INDEX('RAID Log'!$1:$1048576,$B6,MATCH("Initial Probability",'RAID Log'!$1:$1,0)),""))) -> Average | I6: =IF($B6="","",(IF($G6="Severe",25,IF($G6="Major",20,IF($G6="Moderate",15,IF($G6="Minor",10,IF($G6="Insignificant",5,0))))))*IF($H6="Very High",1,IF($H6="High",0.8,IF($H6="Average",0.6,IF($H6="Low",0.4,IF($H6="Very Low",0.2,0)))))) -> 9 | J6: =IF($B6="","",IF($I6>20,"Critical",IF($I6>15,"High",IF($I6>8,"Moderate",IF($I6>3,"Tolerable","Negligible"))))) -> Moderate | K6: =IF(OR($B6="",UPPER($L6)="CLOSED"),"",COUNTIFS($L$2:$L$880,"<>Closed",$I$2:$I$880,">"&$I6)+COUNTIFS($L$2:$L$880,"<>Closed",$I$2:$I$880,$I6,$N$2:$N$880,"<"&$N6)+COUNTIFS($L$2:$L$880,"<>Closed",$I$2:$I$880,$I6,$N$2:$N$880,$N6,$B$2:$B$880,"<"&$B6)+1) -> 4 | L6: =IF($B6="","",IF(IFERROR(INDEX('RAID Log'!$1:$1048576,$B6,MATCH("Status",'RAID Log'!$1:$1,0)),"")="","",IFERROR(INDEX('RAID Log'!$1:$1048576,$B6,MATCH("Status",'RAID Log'!$1:$1,0)),""))) -> In-Progress | M6: =IF($B6="","",IF(IFERROR(INDEX('RAID Log'!$1:$1048576,$B6,MATCH("RAID Owner",'RAID Log'!$1:$1,0)),"")="","",IFERROR(INDEX('RAID Log'!$1:$1048576,$B6,MATCH("RAID Owner",'RAID Log'!$1:$1,0)),""))) -> Owner 11 | N6: =IF($B6="","",IF(IFERROR(INDEX('RAID Log'!$1:$1048576,$B6,MATCH("Date Raised",'RAID Log'!$1:$1,0)),"")="","",IFERROR(INDEX('RAID Log'!$1:$1048576,$B6,MATCH("Date Raised",'RAID Log'!$1:$1,0)),""))) -> 46046 | O6: =IF($B6="","",IF(IFERROR(INDEX('RAID Log'!$1:$1048576,$B6,MATCH("Closed Date",'RAID Log'!$1:$1,0)),"")="","",IFERROR(INDEX('RAID Log'!$1:$1048576,$B6,MATCH("Closed Date",'RAID Log'!$1:$1,0)),""))) | P6: =IF($B6="","",IF(IFERROR(INDEX('RAID Log'!$1:$1048576,$B6,MATCH("Mitigation Strategy",'RAID Log'!$1:$1,0)),"")="","",IFERROR(INDEX('RAID Log'!$1:$1048576,$B6,MATCH("Mitigation Strategy",'RAID Log'!$1:$1,0)),""))) -> Mitigate | Q6: =IF($B6="","",IF(IFERROR(INDEX('RAID Log'!$1:$1048576,$B6,MATCH("RAID Response/Plan",'RAID Log'!$1:$1,0)),"")="","",IFERROR(INDEX('RAID Log'!$1:$1048576,$B6,MATCH("RAID Response/Plan",'RAID Log'!$1:$1,0)),"")))
A7: =IF($B7="","",IF(IFERROR(INDEX('RAID Log'!$1:$1048576,$B7,MATCH("RAID ID",'RAID Log'!$1:$1,0)),"")="","",IFERROR(INDEX('RAID Log'!$1:$1048576,$B7,MATCH("RAID ID",'RAID Log'!$1:$1,0)),""))) -> 14 | B7: =IFERROR(MATCH(ROW()-1,'RAID Log'!$S:$S,0),"") -> 15 | C7: =IF($B7="","",IF(IFERROR(INDEX('RAID Log'!$1:$1048576,$B7,MATCH("Description",'RAID Log'!$1:$1,0)),"")="","",IFERROR(INDEX('RAID Log'!$1:$1048576,$B7,MATCH("Description",'RAID Log'!$1:$1,0)),""))) -> D 14 | D7: =IF($B7="","",IF(IFERROR(INDEX('RAID Log'!$1:$1048576,$B7,MATCH("Impact/Effect of the RAID",'RAID Log'!$1:$1,0)),"")="","",IFERROR(INDEX('RAID Log'!$1:$1048576,$B7,MATCH("Impact/Effect of the RAID",'RAID Log'!$1:$1,0)),""))) -> Impact and Effect 14 | E7: =IF($B7="","",IF(IFERROR(INDEX('RAID Log'!$1:$1048576,$B7,MATCH("Impact Area",'RAID Log'!$1:$1,0)),"")="","",IFERROR(INDEX('RAID Log'!$1:$1048576,$B7,MATCH("Impact Area",'RAID Log'!$1:$1,0)),""))) -> Other | F7: =IF($B7="","",IF(IFERROR(INDEX('RAID Log'!$1:$1048576,$B7,MATCH("Impact Area",'RAID Log'!$1:$1,0)),"")="","",IFERROR(INDEX('RAID Log'!$1:$1048576,$B7,MATCH("Impact Area",'RAID Log'!$1:$1,0)),""))) -> Other | G7: =IF($B7="","",IF(IFERROR(INDEX('RAID Log'!$1:$1048576,$B7,MATCH("Impact Rating",'RAID Log'!$1:$1,0)),"")="","",IFERROR(INDEX('RAID Log'!$1:$1048576,$B7,MATCH("Impact Rating",'RAID Log'!$1:$1,0)),""))) -> Minor | H7: =IF($B7="","",IF(IFERROR(INDEX('RAID Log'!$1:$1048576,$B7,MATCH("Initial Probability",'RAID Log'!$1:$1,0)),"")="","",IFERROR(INDEX('RAID Log'!$1:$1048576,$B7,MATCH("Initial Probability",'RAID Log'!$1:$1,0)),""))) -> Average | I7: =IF($B7="","",(IF($G7="Severe",25,IF($G7="Major",20,IF($G7="Moderate",15,IF($G7="Minor",10,IF($G7="Insignificant",5,0))))))*IF($H7="Very High",1,IF($H7="High",0.8,IF($H7="Average",0.6,IF($H7="Low",0.4,IF($H7="Very Low",0.2,0)))))) -> 6 | J7: =IF($B7="","",IF($I7>20,"Critical",IF($I7>15,"High",IF($I7>8,"Moderate",IF($I7>3,"Tolerable","Negligible"))))) -> Tolerable | K7: =IF(OR($B7="",UPPER($L7)="CLOSED"),"",COUNTIFS($L$2:$L$880,"<>Closed",$I$2:$I$880,">"&$I7)+COUNTIFS($L$2:$L$880,"<>Closed",$I$2:$I$880,$I7,$N$2:$N$880,"<"&$N7)+COUNTIFS($L$2:$L$880,"<>Closed",$I$2:$I$880,$I7,$N$2:$N$880,$N7,$B$2:$B$880,"<"&$B7)+1) -> 5 | L7: =IF($B7="","",IF(IFERROR(INDEX('RAID Log'!$1:$1048576,$B7,MATCH("Status",'RAID Log'!$1:$1,0)),"")="","",IFERROR(INDEX('RAID Log'!$1:$1048576,$B7,MATCH("Status",'RAID Log'!$1:$1,0)),""))) -> Behind | M7: =IF($B7="","",IF(IFERROR(INDEX('RAID Log'!$1:$1048576,$B7,MATCH("RAID Owner",'RAID Log'!$1:$1,0)),"")="","",IFERROR(INDEX('RAID Log'!$1:$1048576,$B7,MATCH("RAID Owner",'RAID Log'!$1:$1,0)),""))) -> Owner 3 | N7: =IF($B7="","",IF(IFERROR(INDEX('RAID Log'!$1:$1048576,$B7,MATCH("Date Raised",'RAID Log'!$1:$1,0)),"")="","",IFERROR(INDEX('RAID Log'!$1:$1048576,$B7,MATCH("Date Raised",'RAID Log'!$1:$1,0)),""))) -> 46067 | O7: =IF($B7="","",IF(IFERROR(INDEX('RAID Log'!$1:$1048576,$B7,MATCH("Closed Date",'RAID Log'!$1:$1,0)),"")="","",IFERROR(INDEX('RAID Log'!$1:$1048576,$B7,MATCH("Closed Date",'RAID Log'!$1:$1,0)),""))) | P7: =IF($B7="","",IF(IFERROR(INDEX('RAID Log'!$1:$1048576,$B7,MATCH("Mitigation Strategy",'RAID Log'!$1:$1,0)),"")="","",IFERROR(INDEX('RAID Log'!$1:$1048576,$B7,MATCH("Mitigation Strategy",'RAID Log'!$1:$1,0)),""))) -> Transfer | Q7: =IF($B7="","",IF(IFERROR(INDEX('RAID Log'!$1:$1048576,$B7,MATCH("RAID Response/Plan",'RAID Log'!$1:$1,0)),"")="","",IFERROR(INDEX('RAID Log'!$1:$1048576,$B7,MATCH("RAID Response/Plan",'RAID Log'!$1:$1,0)),"")))
A8: =IF($B8="","",IF(IFERROR(INDEX('RAID Log'!$1:$1048576,$B8,MATCH("RAID ID",'RAID Log'!$1:$1,0)),"")="","",IFERROR(INDEX('RAID Log'!$1:$1048576,$B8,MATCH("RAID ID",'RAID Log'!$1:$1,0)),""))) | B8: =IFERROR(MATCH(ROW()-1,'RAID Log'!$S:$S,0),"") -> 20 | C8: =IF($B8="","",IF(IFERROR(INDEX('RAID Log'!$1:$1048576,$B8,MATCH("Description",'RAID Log'!$1:$1,0)),"")="","",IFERROR(INDEX('RAID Log'!$1:$1048576,$B8,MATCH("Description",'RAID Log'!$1:$1,0)),""))) -> D 19 | D8: =IF($B8="","",IF(IFERROR(INDEX('RAID Log'!$1:$1048576,$B8,MATCH("Impact/Effect of the RAID",'RAID Log'!$1:$1,0)),"")="","",IFERROR(INDEX('RAID Log'!$1:$1048576,$B8,MATCH("Impact/Effect of the RAID",'RAID Log'!$1:$1,0)),""))) -> Impact and Effect 19 | E8: =IF($B8="","",IF(IFERROR(INDEX('RAID Log'!$1:$1048576,$B8,MATCH("Impact Area",'RAID Log'!$1:$1,0)),"")="","",IFERROR(INDEX('RAID Log'!$1:$1048576,$B8,MATCH("Impact Area",'RAID Log'!$1:$1,0)),""))) -> Other | F8: =IF($B8="","",IF(IFERROR(INDEX('RAID Log'!$1:$1048576,$B8,MATCH("Impact Area",'RAID Log'!$1:$1,0)),"")="","",IFERROR(INDEX('RAID Log'!$1:$1048576,$B8,MATCH("Impact Area",'RAID Log'!$1:$1,0)),""))) -> Other | G8: =IF($B8="","",IF(IFERROR(INDEX('RAID Log'!$1:$1048576,$B8,MATCH("Impact Rating",'RAID Log'!$1:$1,0)),"")="","",IFERROR(INDEX('RAID Log'!$1:$1048576,$B8,MATCH("Impact Rating",'RAID Log'!$1:$1,0)),""))) -> Major | H8: =IF($B8="","",IF(IFERROR(INDEX('RAID Log'!$1:$1048576,$B8,MATCH("Initial Probability",'RAID Log'!$1:$1,0)),"")="","",IFERROR(INDEX('RAID Log'!$1:$1048576,$B8,MATCH("Initial Probability",'RAID Log'!$1:$1,0)),""))) -> Very High | I8: =IF($B8="","",(IF($G8="Severe",25,IF($G8="Major",20,IF($G8="Moderate",15,IF($G8="Minor",10,IF($G8="Insignificant",5,0))))))*IF($H8="Very High",1,IF($H8="High",0.8,IF($H8="Average",0.6,IF($H8="Low",0.4,IF($H8="Very Low",0.2,0)))))) -> 20 | J8: =IF($B8="","",IF($I8>20,"Critical",IF($I8>15,"High",IF($I8>8,"Moderate",IF($I8>3,"Tolerable","Negligible"))))) -> High | K8: =IF(OR($B8="",UPPER($L8)="CLOSED"),"",COUNTIFS($L$2:$L$880,"<>Closed",$I$2:$I$880,">"&$I8)+COUNTIFS($L$2:$L$880,"<>Closed",$I$2:$I$880,$I8,$N$2:$N$880,"<"&$N8)+COUNTIFS($L$2:$L$880,"<>Closed",$I$2:$I$880,$I8,$N$2:$N$880,$N8,$B$2:$B$880,"<"&$B8)+1) -> 1 | L8: =IF($B8="","",IF(IFERROR(INDEX('RAID Log'!$1:$1048576,$B8,MATCH("Status",'RAID Log'!$1:$1,0)),"")="","",IFERROR(INDEX('RAID Log'!$1:$1048576,$B8,MATCH("Status",'RAID Log'!$1:$1,0)),""))) -> Behind | M8: =IF($B8="","",IF(IFERROR(INDEX('RAID Log'!$1:$1048576,$B8,MATCH("RAID Owner",'RAID Log'!$1:$1,0)),"")="","",IFERROR(INDEX('RAID Log'!$1:$1048576,$B8,MATCH("RAID Owner",'RAID Log'!$1:$1,0)),""))) -> Owner 8 | N8: =IF($B8="","",IF(IFERROR(INDEX('RAID Log'!$1:$1048576,$B8,MATCH("Date Raised",'RAID Log'!$1:$1,0)),"")="","",IFERROR(INDEX('RAID Log'!$1:$1048576,$B8,MATCH("Date Raised",'RAID Log'!$1:$1,0)),""))) -> 46081 | O8: =IF($B8="","",IF(IFERROR(INDEX('RAID Log'!$1:$1048576,$B8,MATCH("Closed Date",'RAID Log'!$1:$1,0)),"")="","",IFERROR(INDEX('RAID Log'!$1:$1048576,$B8,MATCH("Closed Date",'RAID Log'!$1:$1,0)),""))) | P8: =IF($B8="","",IF(IFERROR(INDEX('RAID Log'!$1:$1048576,$B8,MATCH("Mitigation Strategy",'RAID Log'!$1:$1,0)),"")="","",IFERROR(INDEX('RAID Log'!$1:$1048576,$B8,MATCH("Mitigation Strategy",'RAID Log'!$1:$1,0)),""))) -> Accept | Q8: =IF($B8="","",IF(IFERROR(INDEX('RAID Log'!$1:$1048576,$B8,MATCH("RAID Response/Plan",'RAID Log'!$1:$1,0)),"")="","",IFERROR(INDEX('RAID Log'!$1:$1048576,$B8,MATCH("RAID Response/Plan",'RAID Log'!$1:$1,0)),"")))
A9: =IF($B9="","",IF(IFERROR(INDEX('RAID Log'!$1:$1048576,$B9,MATCH("RAID ID",'RAID Log'!$1:$1,0)),"")="","",IFERROR(INDEX('RAID Log'!$1:$1048576,$B9,MATCH("RAID ID",'RAID Log'!$1:$1,0)),""))) | B9: =IFERROR(MATCH(ROW()-1,'RAID Log'!$S:$S,0),"") | C9: =IF($B9="","",IF(IFERROR(INDEX('RAID Log'!$1:$1048576,$B9,MATCH("Description",'RAID Log'!$1:$1,0)),"")="","",IFERROR(INDEX('RAID Log'!$1:$1048576,$B9,MATCH("Description",'RAID Log'!$1:$1,0)),""))) | D9: =IF($B9="","",IF(IFERROR(INDEX('RAID Log'!$1:$1048576,$B9,MATCH("Impact/Effect of the RAID",'RAID Log'!$1:$1,0)),"")="","",IFERROR(INDEX('RAID Log'!$1:$1048576,$B9,MATCH("Impact/Effect of the RAID",'RAID Log'!$1:$1,0)),""))) | E9: =IF($B9="","",IF(IFERROR(INDEX('RAID Log'!$1:$1048576,$B9,MATCH("Impact Area",'RAID Log'!$1:$1,0)),"")="","",IFERROR(INDEX('RAID Log'!$1:$1048576,$B9,MATCH("Impact Area",'RAID Log'!$1:$1,0)),""))) | F9: =IF($B9="","",IF(IFERROR(INDEX('RAID Log'!$1:$1048576,$B9,MATCH("Impact Area",'RAID Log'!$1:$1,0)),"")="","",IFERROR(INDEX('RAID Log'!$1:$1048576,$B9,MATCH("Impact Area",'RAID Log'!$1:$1,0)),""))) | G9: =IF($B9="","",IF(IFERROR(INDEX('RAID Log'!$1:$1048576,$B9,MATCH("Impact Rating",'RAID Log'!$1:$1,0)),"")="","",IFERROR(INDEX('RAID Log'!$1:$1048576,$B9,MATCH("Impact Rating",'RAID Log'!$1:$1,0)),""))) | H9: =IF($B9="","",IF(IFERROR(INDEX('RAID Log'!$1:$1048576,$B9,MATCH("Initial Probability",'RAID Log'!$1:$1,0)),"")="","",IFERROR(INDEX('RAID Log'!$1:$1048576,$B9,MATCH("Initial Probability",'RAID Log'!$1:$1,0)),""))) | I9: =IF($B9="","",(IF($G9="Severe",25,IF($G9="Major",20,IF($G9="Moderate",15,IF($G9="Minor",10,IF($G9="Insignificant",5,0))))))*IF($H9="Very High",1,IF($H9="High",0.8,IF($H9="Average",0.6,IF($H9="Low",0.4,IF($H9="Very Low",0.2,0)))))) | J9: =IF($B9="","",IF($I9>20,"Critical",IF($I9>15,"High",IF($I9>8,"Moderate",IF($I9>3,"Tolerable","Negligible"))))) | K9: =IF(OR($B9="",UPPER($L9)="CLOSED"),"",COUNTIFS($L$2:$L$880,"<>Closed",$I$2:$I$880,">"&$I9)+COUNTIFS($L$2:$L$880,"<>Closed",$I$2:$I$880,$I9,$N$2:$N$880,"<"&$N9)+COUNTIFS($L$2:$L$880,"<>Closed",$I$2:$I$880,$I9,$N$2:$N$880,$N9,$B$2:$B$880,"<"&$B9)+1) | L9: =IF($B9="","",IF(IFERROR(INDEX('RAID Log'!$1:$1048576,$B9,MATCH("Status",'RAID Log'!$1:$1,0)),"")="","",IFERROR(INDEX('RAID Log'!$1:$1048576,$B9,MATCH("Status",'RAID Log'!$1:$1,0)),""))) | M9: =IF($B9="","",IF(IFERROR(INDEX('RAID Log'!$1:$1048576,$B9,MATCH("RAID Owner",'RAID Log'!$1:$1,0)),"")="","",IFERROR(INDEX('RAID Log'!$1:$1048576,$B9,MATCH("RAID Owner",'RAID Log'!$1:$1,0)),""))) | N9: =IF($B9="","",IF(IFERROR(INDEX('RAID Log'!$1:$1048576,$B9,MATCH("Date Raised",'RAID Log'!$1:$1,0)),"")="","",IFERROR(INDEX('RAID Log'!$1:$1048576,$B9,MATCH("Date Raised",'RAID Log'!$1:$1,0)),""))) | O9: =IF($B9="","",IF(IFERROR(INDEX('RAID Log'!$1:$1048576,$B9,MATCH("Closed Date",'RAID Log'!$1:$1,0)),"")="","",IFERROR(INDEX('RAID Log'!$1:$1048576,$B9,MATCH("Closed Date",'RAID Log'!$1:$1,0)),""))) | P9: =IF($B9="","",IF(IFERROR(INDEX('RAID Log'!$1:$1048576,$B9,MATCH("Mitigation Strategy",'RAID Log'!$1:$1,0)),"")="","",IFERROR(INDEX('RAID Log'!$1:$1048576,$B9,MATCH("Mitigation Strategy",'RAID Log'!$1:$1,0)),""))) | Q9: =IF($B9="","",IF(IFERROR(INDEX('RAID Log'!$1:$1048576,$B9,MATCH("RAID Response/Plan",'RAID Log'!$1:$1,0)),"")="","",IFERROR(INDEX('RAID Log'!$1:$1048576,$B9,MATCH("RAID Response/Plan",'RAID Log'!$1:$1,0)),"")))
A10: =IF($B10="","",IF(IFERROR(INDEX('RAID Log'!$1:$1048576,$B10,MATCH("RAID ID",'RAID Log'!$1:$1,0)),"")="","",IFERROR(INDEX('RAID Log'!$1:$1048576,$B10,MATCH("RAID ID",'RAID Log'!$1:$1,0)),""))) | B10: =IFERROR(MATCH(ROW()-1,'RAID Log'!$S:$S,0),"") | C10: =IF($B10="","",IF(IFERROR(INDEX('RAID Log'!$1:$1048576,$B10,MATCH("Description",'RAID Log'!$1:$1,0)),"")="","",IFERROR(INDEX('RAID Log'!$1:$1048576,$B10,MATCH("Description",'RAID Log'!$1:$1,0)),""))) | D10: =IF($B10="","",IF(IFERROR(INDEX('RAID Log'!$1:$1048576,$B10,MATCH("Impact/Effect of the RAID",'RAID Log'!$1:$1,0)),"")="","",IFERROR(INDEX('RAID Log'!$1:$1048576,$B10,MATCH("Impact/Effect of the RAID",'RAID Log'!$1:$1,0)),""))) | E10: =IF($B10="","",IF(IFERROR(INDEX('RAID Log'!$1:$1048576,$B10,MATCH("Impact Area",'RAID Log'!$1:$1,0)),"")="","",IFERROR(INDEX('RAID Log'!$1:$1048576,$B10,MATCH("Impact Area",'RAID Log'!$1:$1,0)),""))) | F10: =IF($B10="","",IF(IFERROR(INDEX('RAID Log'!$1:$1048576,$B10,MATCH("Impact Area",'RAID Log'!$1:$1,0)),"")="","",IFERROR(INDEX('RAID Log'!$1:$1048576,$B10,MATCH("Impact Area",'RAID Log'!$1:$1,0)),""))) | G10: =IF($B10="","",IF(IFERROR(INDEX('RAID Log'!$1:$1048576,$B10,MATCH("Impact Rating",'RAID Log'!$1:$1,0)),"")="","",IFERROR(INDEX('RAID Log'!$1:$1048576,$B10,MATCH("Impact Rating",'RAID Log'!$1:$1,0)),""))) | H10: =IF($B10="","",IF(IFERROR(INDEX('RAID Log'!$1:$1048576,$B10,MATCH("Initial Probability",'RAID Log'!$1:$1,0)),"")="","",IFERROR(INDEX('RAID Log'!$1:$1048576,$B10,MATCH("Initial Probability",'RAID Log'!$1:$1,0)),""))) | I10: =IF($B10="","",(IF($G10="Severe",25,IF($G10="Major",20,IF($G10="Moderate",15,IF($G10="Minor",10,IF($G10="Insignificant",5,0))))))*IF($H10="Very High",1,IF($H10="High",0.8,IF($H10="Average",0.6,IF($H10="Low",0.4,IF($H10="Very Low",0.2,0)))))) | J10: =IF($B10="","",IF($I10>20,"Critical",IF($I10>15,"High",IF($I10>8,"Moderate",IF($I10>3,"Tolerable","Negligible"))))) | K10: =IF(OR($B10="",UPPER($L10)="CLOSED"),"",COUNTIFS($L$2:$L$880,"<>Closed",$I$2:$I$880,">"&$I10)+COUNTIFS($L$2:$L$880,"<>Closed",$I$2:$I$880,$I10,$N$2:$N$880,"<"&$N10)+COUNTIFS($L$2:$L$880,"<>Closed",$I$2:$I$880,$I10,$N$2:$N$880,$N10,$B$2:$B$880,"<"&$B10)+1) | L10: =IF($B10="","",IF(IFERROR(INDEX('RAID Log'!$1:$1048576,$B10,MATCH("Status",'RAID Log'!$1:$1,0)),"")="","",IFERROR(INDEX('RAID Log'!$1:$1048576,$B10,MATCH("Status",'RAID Log'!$1:$1,0)),""))) | M10: =IF($B10="","",IF(IFERROR(INDEX('RAID Log'!$1:$1048576,$B10,MATCH("RAID Owner",'RAID Log'!$1:$1,0)),"")="","",IFERROR(INDEX('RAID Log'!$1:$1048576,$B10,MATCH("RAID Owner",'RAID Log'!$1:$1,0)),""))) | N10: =IF($B10="","",IF(IFERROR(INDEX('RAID Log'!$1:$1048576,$B10,MATCH("Date Raised",'RAID Log'!$1:$1,0)),"")="","",IFERROR(INDEX('RAID Log'!$1:$1048576,$B10,MATCH("Date Raised",'RAID Log'!$1:$1,0)),""))) | O10: =IF($B10="","",IF(IFERROR(INDEX('RAID Log'!$1:$1048576,$B10,MATCH("Closed Date",'RAID Log'!$1:$1,0)),"")="","",IFERROR(INDEX('RAID Log'!$1:$1048576,$B10,MATCH("Closed Date",'RAID Log'!$1:$1,0)),""))) | P10: =IF($B10="","",IF(IFERROR(INDEX('RAID Log'!$1:$1048576,$B10,MATCH("Mitigation Strategy",'RAID Log'!$1:$1,0)),"")="","",IFERROR(INDEX('RAID Log'!$1:$1048576,$B10,MATCH("Mitigation Strategy",'RAID Log'!$1:$1,0)),""))) | Q10: =IF($B10="","",IF(IFERROR(INDEX('RAID Log'!$1:$1048576,$B10,MATCH("RAID Response/Plan",'RAID Log'!$1:$1,0)),"")="","",IFERROR(INDEX('RAID Log'!$1:$1048576,$B10,MATCH("RAID Response/Plan",'RAID Log'!$1:$1,0)),"")))
A11: =IF($B11="","",IF(IFERROR(INDEX('RAID Log'!$1:$1048576,$B11,MATCH("RAID ID",'RAID Log'!$1:$1,0)),"")="","",IFERROR(INDEX('RAID Log'!$1:$1048576,$B11,MATCH("RAID ID",'RAID Log'!$1:$1,0)),""))) | B11: =IFERROR(MATCH(ROW()-1,'RAID Log'!$S:$S,0),"") | C11: =IF($B11="","",IF(IFERROR(INDEX('RAID Log'!$1:$1048576,$B11,MATCH("Description",'RAID Log'!$1:$1,0)),"")="","",IFERROR(INDEX('RAID Log'!$1:$1048576,$B11,MATCH("Description",'RAID Log'!$1:$1,0)),""))) | D11: =IF($B11="","",IF(IFERROR(INDEX('RAID Log'!$1:$1048576,$B11,MATCH("Impact/Effect of the RAID",'RAID Log'!$1:$1,0)),"")="","",IFERROR(INDEX('RAID Log'!$1:$1048576,$B11,MATCH("Impact/Effect of the RAID",'RAID Log'!$1:$1,0)),""))) | E11: =IF($B11="","",IF(IFERROR(INDEX('RAID Log'!$1:$1048576,$B11,MATCH("Impact Area",'RAID Log'!$1:$1,0)),"")="","",IFERROR(INDEX('RAID Log'!$1:$1048576,$B11,MATCH("Impact Area",'RAID Log'!$1:$1,0)),""))) | F11: =IF($B11="","",IF(IFERROR(INDEX('RAID Log'!$1:$1048576,$B11,MATCH("Impact Area",'RAID Log'!$1:$1,0)),"")="","",IFERROR(INDEX('RAID Log'!$1:$1048576,$B11,MATCH("Impact Area",'RAID Log'!$1:$1,0)),""))) | G11: =IF($B11="","",IF(IFERROR(INDEX('RAID Log'!$1:$1048576,$B11,MATCH("Impact Rating",'RAID Log'!$1:$1,0)),"")="","",IFERROR(INDEX('RAID Log'!$1:$1048576,$B11,MATCH("Impact Rating",'RAID Log'!$1:$1,0)),""))) | H11: =IF($B11="","",IF(IFERROR(INDEX('RAID Log'!$1:$1048576,$B11,MATCH("Initial Probability",'RAID Log'!$1:$1,0)),"")="","",IFERROR(INDEX('RAID Log'!$1:$1048576,$B11,MATCH("Initial Probability",'RAID Log'!$1:$1,0)),""))) | I11: =IF($B11="","",(IF($G11="Severe",25,IF($G11="Major",20,IF($G11="Moderate",15,IF($G11="Minor",10,IF($G11="Insignificant",5,0))))))*IF($H11="Very High",1,IF($H11="High",0.8,IF($H11="Average",0.6,IF($H11="Low",0.4,IF($H11="Very Low",0.2,0)))))) | J11: =IF($B11="","",IF($I11>20,"Critical",IF($I11>15,"High",IF($I11>8,"Moderate",IF($I11>3,"Tolerable","Negligible"))))) | K11: =IF(OR($B11="",UPPER($L11)="CLOSED"),"",COUNTIFS($L$2:$L$880,"<>Closed",$I$2:$I$880,">"&$I11)+COUNTIFS($L$2:$L$880,"<>Closed",$I$2:$I$880,$I11,$N$2:$N$880,"<"&$N11)+COUNTIFS($L$2:$L$880,"<>Closed",$I$2:$I$880,$I11,$N$2:$N$880,$N11,$B$2:$B$880,"<"&$B11)+1) | L11: =IF($B11="","",IF(IFERROR(INDEX('RAID Log'!$1:$1048576,$B11,MATCH("Status",'RAID Log'!$1:$1,0)),"")="","",IFERROR(INDEX('RAID Log'!$1:$1048576,$B11,MATCH("Status",'RAID Log'!$1:$1,0)),""))) | M11: =IF($B11="","",IF(IFERROR(INDEX('RAID Log'!$1:$1048576,$B11,MATCH("RAID Owner",'RAID Log'!$1:$1,0)),"")="","",IFERROR(INDEX('RAID Log'!$1:$1048576,$B11,MATCH("RAID Owner",'RAID Log'!$1:$1,0)),""))) | N11: =IF($B11="","",IF(IFERROR(INDEX('RAID Log'!$1:$1048576,$B11,MATCH("Date Raised",'RAID Log'!$1:$1,0)),"")="","",IFERROR(INDEX('RAID Log'!$1:$1048576,$B11,MATCH("Date Raised",'RAID Log'!$1:$1,0)),""))) | O11: =IF($B11="","",IF(IFERROR(INDEX('RAID Log'!$1:$1048576,$B11,MATCH("Closed Date",'RAID Log'!$1:$1,0)),"")="","",IFERROR(INDEX('RAID Log'!$1:$1048576,$B11,MATCH("Closed Date",'RAID Log'!$1:$1,0)),""))) | P11: =IF($B11="","",IF(IFERROR(INDEX('RAID Log'!$1:$1048576,$B11,MATCH("Mitigation Strategy",'RAID Log'!$1:$1,0)),"")="","",IFERROR(INDEX('RAID Log'!$1:$1048576,$B11,MATCH("Mitigation Strategy",'RAID Log'!$1:$1,0)),""))) | Q11: =IF($B11="","",IF(IFERROR(INDEX('RAID Log'!$1:$1048576,$B11,MATCH("RAID Response/Plan",'RAID Log'!$1:$1,0)),"")="","",IFERROR(INDEX('RAID Log'!$1:$1048576,$B11,MATCH("RAID Response/Plan",'RAID Log'!$1:$1,0)),"")))
A12: =IF($B12="","",IF(IFERROR(INDEX('RAID Log'!$1:$1048576,$B12,MATCH("RAID ID",'RAID Log'!$1:$1,0)),"")="","",IFERROR(INDEX('RAID Log'!$1:$1048576,$B12,MATCH("RAID ID",'RAID Log'!$1:$1,0)),""))) | B12: =IFERROR(MATCH(ROW()-1,'RAID Log'!$S:$S,0),"") | C12: =IF($B12="","",IF(IFERROR(INDEX('RAID Log'!$1:$1048576,$B12,MATCH("Description",'RAID Log'!$1:$1,0)),"")="","",IFERROR(INDEX('RAID Log'!$1:$1048576,$B12,MATCH("Description",'RAID Log'!$1:$1,0)),""))) | D12: =IF($B12="","",IF(IFERROR(INDEX('RAID Log'!$1:$1048576,$B12,MATCH("Impact/Effect of the RAID",'RAID Log'!$1:$1,0)),"")="","",IFERROR(INDEX('RAID Log'!$1:$1048576,$B12,MATCH("Impact/Effect of the RAID",'RAID Log'!$1:$1,0)),""))) | E12: =IF($B12="","",IF(IFERROR(INDEX('RAID Log'!$1:$1048576,$B12,MATCH("Impact Area",'RAID Log'!$1:$1,0)),"")="","",IFERROR(INDEX('RAID Log'!$1:$1048576,$B12,MATCH("Impact Area",'RAID Log'!$1:$1,0)),""))) | F12: =IF($B12="","",IF(IFERROR(INDEX('RAID Log'!$1:$1048576,$B12,MATCH("Impact Area",'RAID Log'!$1:$1,0)),"")="","",IFERROR(INDEX('RAID Log'!$1:$1048576,$B12,MATCH("Impact Area",'RAID Log'!$1:$1,0)),""))) | G12: =IF($B12="","",IF(IFERROR(INDEX('RAID Log'!$1:$1048576,$B12,MATCH("Impact Rating",'RAID Log'!$1:$1,0)),"")="","",IFERROR(INDEX('RAID Log'!$1:$1048576,$B12,MATCH("Impact Rating",'RAID Log'!$1:$1,0)),""))) | H12: =IF($B12="","",IF(IFERROR(INDEX('RAID Log'!$1:$1048576,$B12,MATCH("Initial Probability",'RAID Log'!$1:$1,0)),"")="","",IFERROR(INDEX('RAID Log'!$1:$1048576,$B12,MATCH("Initial Probability",'RAID Log'!$1:$1,0)),""))) | I12: =IF($B12="","",(IF($G12="Severe",25,IF($G12="Major",20,IF($G12="Moderate",15,IF($G12="Minor",10,IF($G12="Insignificant",5,0))))))*IF($H12="Very High",1,IF($H12="High",0.8,IF($H12="Average",0.6,IF($H12="Low",0.4,IF($H12="Very Low",0.2,0)))))) | J12: =IF($B12="","",IF($I12>20,"Critical",IF($I12>15,"High",IF($I12>8,"Moderate",IF($I12>3,"Tolerable","Negligible"))))) | K12: =IF(OR($B12="",UPPER($L12)="CLOSED"),"",COUNTIFS($L$2:$L$880,"<>Closed",$I$2:$I$880,">"&$I12)+COUNTIFS($L$2:$L$880,"<>Closed",$I$2:$I$880,$I12,$N$2:$N$880,"<"&$N12)+COUNTIFS($L$2:$L$880,"<>Closed",$I$2:$I$880,$I12,$N$2:$N$880,$N12,$B$2:$B$880,"<"&$B12)+1) | L12: =IF($B12="","",IF(IFERROR(INDEX('RAID Log'!$1:$1048576,$B12,MATCH("Status",'RAID Log'!$1:$1,0)),"")="","",IFERROR(INDEX('RAID Log'!$1:$1048576,$B12,MATCH("Status",'RAID Log'!$1:$1,0)),""))) | M12: =IF($B12="","",IF(IFERROR(INDEX('RAID Log'!$1:$1048576,$B12,MATCH("RAID Owner",'RAID Log'!$1:$1,0)),"")="","",IFERROR(INDEX('RAID Log'!$1:$1048576,$B12,MATCH("RAID Owner",'RAID Log'!$1:$1,0)),""))) | N12: =IF($B12="","",IF(IFERROR(INDEX('RAID Log'!$1:$1048576,$B12,MATCH("Date Raised",'RAID Log'!$1:$1,0)),"")="","",IFERROR(INDEX('RAID Log'!$1:$1048576,$B12,MATCH("Date Raised",'RAID Log'!$1:$1,0)),""))) | O12: =IF($B12="","",IF(IFERROR(INDEX('RAID Log'!$1:$1048576,$B12,MATCH("Closed Date",'RAID Log'!$1:$1,0)),"")="","",IFERROR(INDEX('RAID Log'!$1:$1048576,$B12,MATCH("Closed Date",'RAID Log'!$1:$1,0)),""))) | P12: =IF($B12="","",IF(IFERROR(INDEX('RAID Log'!$1:$1048576,$B12,MATCH("Mitigation Strategy",'RAID Log'!$1:$1,0)),"")="","",IFERROR(INDEX('RAID Log'!$1:$1048576,$B12,MATCH("Mitigation Strategy",'RAID Log'!$1:$1,0)),""))) | Q12: =IF($B12="","",IF(IFERROR(INDEX('RAID Log'!$1:$1048576,$B12,MATCH("RAID Response/Plan",'RAID Log'!$1:$1,0)),"")="","",IFERROR(INDEX('RAID Log'!$1:$1048576,$B12,MATCH("RAID Response/Plan",'RAID Log'!$1:$1,0)),"")))
A13: =IF($B13="","",IF(IFERROR(INDEX('RAID Log'!$1:$1048576,$B13,MATCH("RAID ID",'RAID Log'!$1:$1,0)),"")="","",IFERROR(INDEX('RAID Log'!$1:$1048576,$B13,MATCH("RAID ID",'RAID Log'!$1:$1,0)),""))) | B13: =IFERROR(MATCH(ROW()-1,'RAID Log'!$S:$S,0),"") | C13: =IF($B13="","",IF(IFERROR(INDEX('RAID Log'!$1:$1048576,$B13,MATCH("Description",'RAID Log'!$1:$1,0)),"")="","",IFERROR(INDEX('RAID Log'!$1:$1048576,$B13,MATCH("Description",'RAID Log'!$1:$1,0)),""))) | D13: =IF($B13="","",IF(IFERROR(INDEX('RAID Log'!$1:$1048576,$B13,MATCH("Impact/Effect of the RAID",'RAID Log'!$1:$1,0)),"")="","",IFERROR(INDEX('RAID Log'!$1:$1048576,$B13,MATCH("Impact/Effect of the RAID",'RAID Log'!$1:$1,0)),""))) | E13: =IF($B13="","",IF(IFERROR(INDEX('RAID Log'!$1:$1048576,$B13,MATCH("Impact Area",'RAID Log'!$1:$1,0)),"")="","",IFERROR(INDEX('RAID Log'!$1:$1048576,$B13,MATCH("Impact Area",'RAID Log'!$1:$1,0)),""))) | F13: =IF($B13="","",IF(IFERROR(INDEX('RAID Log'!$1:$1048576,$B13,MATCH("Impact Area",'RAID Log'!$1:$1,0)),"")="","",IFERROR(INDEX('RAID Log'!$1:$1048576,$B13,MATCH("Impact Area",'RAID Log'!$1:$1,0)),""))) | G13: =IF($B13="","",IF(IFERROR(INDEX('RAID Log'!$1:$1048576,$B13,MATCH("Impact Rating",'RAID Log'!$1:$1,0)),"")="","",IFERROR(INDEX('RAID Log'!$1:$1048576,$B13,MATCH("Impact Rating",'RAID Log'!$1:$1,0)),""))) | H13: =IF($B13="","",IF(IFERROR(INDEX('RAID Log'!$1:$1048576,$B13,MATCH("Initial Probability",'RAID Log'!$1:$1,0)),"")="","",IFERROR(INDEX('RAID Log'!$1:$1048576,$B13,MATCH("Initial Probability",'RAID Log'!$1:$1,0)),""))) | I13: =IF($B13="","",(IF($G13="Severe",25,IF($G13="Major",20,IF($G13="Moderate",15,IF($G13="Minor",10,IF($G13="Insignificant",5,0))))))*IF($H13="Very High",1,IF($H13="High",0.8,IF($H13="Average",0.6,IF($H13="Low",0.4,IF($H13="Very Low",0.2,0)))))) | J13: =IF($B13="","",IF($I13>20,"Critical",IF($I13>15,"High",IF($I13>8,"Moderate",IF($I13>3,"Tolerable","Negligible"))))) | K13: =IF(OR($B13="",UPPER($L13)="CLOSED"),"",COUNTIFS($L$2:$L$880,"<>Closed",$I$2:$I$880,">"&$I13)+COUNTIFS($L$2:$L$880,"<>Closed",$I$2:$I$880,$I13,$N$2:$N$880,"<"&$N13)+COUNTIFS($L$2:$L$880,"<>Closed",$I$2:$I$880,$I13,$N$2:$N$880,$N13,$B$2:$B$880,"<"&$B13)+1) | L13: =IF($B13="","",IF(IFERROR(INDEX('RAID Log'!$1:$1048576,$B13,MATCH("Status",'RAID Log'!$1:$1,0)),"")="","",IFERROR(INDEX('RAID Log'!$1:$1048576,$B13,MATCH("Status",'RAID Log'!$1:$1,0)),""))) | M13: =IF($B13="","",IF(IFERROR(INDEX('RAID Log'!$1:$1048576,$B13,MATCH("RAID Owner",'RAID Log'!$1:$1,0)),"")="","",IFERROR(INDEX('RAID Log'!$1:$1048576,$B13,MATCH("RAID Owner",'RAID Log'!$1:$1,0)),""))) | N13: =IF($B13="","",IF(IFERROR(INDEX('RAID Log'!$1:$1048576,$B13,MATCH("Date Raised",'RAID Log'!$1:$1,0)),"")="","",IFERROR(INDEX('RAID Log'!$1:$1048576,$B13,MATCH("Date Raised",'RAID Log'!$1:$1,0)),""))) | O13: =IF($B13="","",IF(IFERROR(INDEX('RAID Log'!$1:$1048576,$B13,MATCH("Closed Date",'RAID Log'!$1:$1,0)),"")="","",IFERROR(INDEX('RAID Log'!$1:$1048576,$B13,MATCH("Closed Date",'RAID Log'!$1:$1,0)),""))) | P13: =IF($B13="","",IF(IFERROR(INDEX('RAID Log'!$1:$1048576,$B13,MATCH("Mitigation Strategy",'RAID Log'!$1:$1,0)),"")="","",IFERROR(INDEX('RAID Log'!$1:$1048576,$B13,MATCH("Mitigation Strategy",'RAID Log'!$1:$1,0)),""))) | Q13: =IF($B13="","",IF(IFERROR(INDEX('RAID Log'!$1:$1048576,$B13,MATCH("RAID Response/Plan",'RAID Log'!$1:$1,0)),"")="","",IFERROR(INDEX('RAID Log'!$1:$1048576,$B13,MATCH("RAID Response/Plan",'RAID Log'!$1:$1,0)),"")))
... A880: =IF($B880="","",IF(IFERROR(INDEX('RAID Log'!$1:$1048576,$B880,MATCH("RAID ID",'RAID Log'!$1:$1,0)),"")="","",IFERROR(INDEX('RAID Log'!$1:$1048576,$B880,MATCH("RAID ID",'RAID Log'!$1:$1,0)),""))) | B880: =IFERROR(MATCH(ROW()-1,'RAID Log'!$S:$S,0),"") | C880: =IF($B880="","",IF(IFERROR(INDEX('RAID Log'!$1:$1048576,$B880,MATCH("Description",'RAID Log'!$1:$1,0)),"")="","",IFERROR(INDEX('RAID Log'!$1:$1048576,$B880,MATCH("Description",'RAID Log'!$1:$1,0)),""))) | D880: =IF($B880="","",IF(IFERROR(INDEX('RAID Log'!$1:$1048576,$B880,MATCH("Impact/Effect of the RAID",'RAID Log'!$1:$1,0)),"")="","",IFERROR(INDEX('RAID Log'!$1:$1048576,$B880,MATCH("Impact/Effect of the RAID",'RAID Log'!$1:$1,0)),""))) | E880: =IF($B880="","",IF(IFERROR(INDEX('RAID Log'!$1:$1048576,$B880,MATCH("Impact Area",'RAID Log'!$1:$1,0)),"")="","",IFERROR(INDEX('RAID Log'!$1:$1048576,$B880,MATCH("Impact Area",'RAID Log'!$1:$1,0)),""))) | F880: =IF($B880="","",IF(IFERROR(INDEX('RAID Log'!$1:$1048576,$B880,MATCH("Impact Area",'RAID Log'!$1:$1,0)),"")="","",IFERROR(INDEX('RAID Log'!$1:$1048576,$B880,MATCH("Impact Area",'RAID Log'!$1:$1,0)),""))) | G880: =IF($B880="","",IF(IFERROR(INDEX('RAID Log'!$1:$1048576,$B880,MATCH("Impact Rating",'RAID Log'!$1:$1,0)),"")="","",IFERROR(INDEX('RAID Log'!$1:$1048576,$B880,MATCH("Impact Rating",'RAID Log'!$1:$1,0)),""))) | H880: =IF($B880="","",IF(IFERROR(INDEX('RAID Log'!$1:$1048576,$B880,MATCH("Initial Probability",'RAID Log'!$1:$1,0)),"")="","",IFERROR(INDEX('RAID Log'!$1:$1048576,$B880,MATCH("Initial Probability",'RAID Log'!$1:$1,0)),""))) | I880: =IF($B880="","",(IF($G880="Severe",25,IF($G880="Major",20,IF($G880="Moderate",15,IF($G880="Minor",10,IF($G880="Insignificant",5,0))))))*IF($H880="Very High",1,IF($H880="High",0.8,IF($H880="Average",0.6,IF($H880="Low",0.4,IF($H880="Very Low",0.2,0)))))) | J880: =IF($B880="","",IF($I880>20,"Critical",IF($I880>15,"High",IF($I880>8,"Moderate",IF($I880>3,"Tolerable","Negligible"))))) | K880: =IF(OR($B880="",UPPER($L880)="CLOSED"),"",COUNTIFS($L$2:$L$880,"<>Closed",$I$2:$I$880,">"&$I880)+COUNTIFS($L$2:$L$880,"<>Closed",$I$2:$I$880,$I880,$N$2:$N$880,"<"&$N880)+COUNTIFS($L$2:$L$880,"<>Closed",$I$2:$I$880,$I880,$N$2:$N$880,$N880,$B$2:$B$880,"<"&$B880)+1) | L880: =IF($B880="","",IF(IFERROR(INDEX('RAID Log'!$1:$1048576,$B880,MATCH("Status",'RAID Log'!$1:$1,0)),"")="","",IFERROR(INDEX('RAID Log'!$1:$1048576,$B880,MATCH("Status",'RAID Log'!$1:$1,0)),""))) | M880: =IF($B880="","",IF(IFERROR(INDEX('RAID Log'!$1:$1048576,$B880,MATCH("RAID Owner",'RAID Log'!$1:$1,0)),"")="","",IFERROR(INDEX('RAID Log'!$1:$1048576,$B880,MATCH("RAID Owner",'RAID Log'!$1:$1,0)),""))) | N880: =IF($B880="","",IF(IFERROR(INDEX('RAID Log'!$1:$1048576,$B880,MATCH("Date Raised",'RAID Log'!$1:$1,0)),"")="","",IFERROR(INDEX('RAID Log'!$1:$1048576,$B880,MATCH("Date Raised",'RAID Log'!$1:$1,0)),""))) | O880: =IF($B880="","",IF(IFERROR(INDEX('RAID Log'!$1:$1048576,$B880,MATCH("Closed Date",'RAID Log'!$1:$1,0)),"")="","",IFERROR(INDEX('RAID Log'!$1:$1048576,$B880,MATCH("Closed Date",'RAID Log'!$1:$1,0)),""))) | P880: =IF($B880="","",IF(IFERROR(INDEX('RAID Log'!$1:$1048576,$B880,MATCH("Mitigation Strategy",'RAID Log'!$1:$1,0)),"")="","",IFERROR(INDEX('RAID Log'!$1:$1048576,$B880,MATCH("Mitigation Strategy",'RAID Log'!$1:$1,0)),""))) | Q880: =IF($B880="","",IF(IFERROR(INDEX('RAID Log'!$1:$1048576,$B880,MATCH("RAID Response/Plan",'RAID Log'!$1:$1,0)),"")="","",IFERROR(INDEX('RAID Log'!$1:$1048576,$B880,MATCH("RAID Response/Plan",'RAID Log'!$1:$1,0)),"")))

Sheet RAID Log
A1: RAID ID | B1: Type | C1: Category | D1: Impact Area | E1: Title | F1: Description | G1: Impact/Effect of the RAID | H1: Date Raised | I1: RAID Owner | J1: Impact Rating | K1: Initial Probability | L1: Severity | M1: Target Date | N1: Status | O1: Mitigation Strategy | P1: Next Update | Q1: Closed Date | R1: RAID Response/Plan | S1: Risk Seq
A2: 1 | B2: Risk | C2: Quality | D2: Cost | E2: Title 1 | F2: D 1 | G2: Impact and Effect 1 | H2: 45992 | I2: Owner 1 | J2: Moderate | K2: Average | L2: High | N2: Not Started | O2: Mitigate | P2: =TODAY()+1 -> 46095 | S2: =IF($B2="Risk",COUNTIF($B$2:B2,"Risk"),"") -> 1
A3: 2 | B3: Assumption | C3: Cost | D3: Other | E3: Title 2 | F3: D 2 | G3: Impact and Effect 2 | H3: 46025 | I3: Owner 2 | J3: Severe | K3: High | L3: Medium | N3: Behind | O3: Transfer | P3: =TODAY()+3 -> 46097 | S3: =IF($B3="Risk",COUNTIF($B$2:B3,"Risk"),"")
A4: 3 | B4: Dependency | C4: Stakeholder | D4: Schedule | E4: Title 3 | F4: D 3 | G4: Impact and Effect 3 | H4: 46032 | I4: Owner 3 | J4: Insignificant | K4: Very High | L4: Medium | N4: In-Progress | O4: Escalate | P4: =TODAY()+3 -> 46097 | S4: =IF($B4="Risk",COUNTIF($B$2:B4,"Risk"),"")
A5: 4 | B5: Risk | C5: Security/Compliance | D5: Security/Compliance | E5: Title 4 | F5: D 4 | G5: Impact and Effect 4 | H5: 46039 | I5: Owner 4 | J5: Minor | K5: Very High | L5: Critical | N5: Closed | O5: Accept | P5: =TODAY()+4 -> 46098 | Q5: ='RAID Log'!$H5+10 -> 46049 | S5: =IF($B5="Risk",COUNTIF($B$2:B5,"Risk"),"") -> 2
A6: 5 | B6: Issue | C6: Scope | D6: Schedule | E6: Title 5 | F6: D 5 | G6: Impact and Effect 5 | H6: 46046 | I6: Owner 5 | J6: Major | K6: Average | L6: Low | N6: Not Started | O6: Mitigate | P6: =TODAY()+3 -> 46097 | S6: =IF($B6="Risk",COUNTIF($B$2:B6,"Risk"),"")
A7: 6 | B7: Risk | C7: Stakeholder | D7: Security/Compliance | E7: Title 6 | F7: D 6 | G7: Impact and Effect 6 | H7: 46053 | I7: Owner 6 | J7: Moderate | K7: Very Low | L7: High | N7: Behind | O7: Escalate | P7: =TODAY()+3 -> 46097 | S7: =IF($B7="Risk",COUNTIF($B$2:B7,"Risk"),"") -> 3
A8: 7 | B8: Assumption | C8: Security/Compliance | D8: Cost | E8: Title 7 | F8: D 7 | G8: Impact and Effect 7 | H8: 46060 | I8: Owner 7 | J8: Severe | K8: Average | L8: Medium | N8: Not Started | O8: Transfer | P8: =TODAY()+7 -> 46101 | S8: =IF($B8="Risk",COUNTIF($B$2:B8,"Risk"),"")
A9: 8 | B9: Dependency | C9: Scope | D9: Other | E9: Title 8 | F9: D 8 | G9: Impact and Effect 8 | H9: 46067 | I9: Owner 8 | J9: Insignificant | K9: High | L9: Medium | N9: Behind | O9: Avoid | P9: =TODAY()+3 -> 46097 | S9: =IF($B9="Risk",COUNTIF($B$2:B9,"Risk"),"")
A10: 9 | B10: Risk | C10: Technical | D10: Schedule | E10: Title 9 | F10: D 9 | G10: Impact and Effect 9 | H10: 46074 | I10: Owner 9 | J10: Minor | K10: Very High | L10: Critical | N10: In-Progress | O10: Avoid | P10: =TODAY() -> 46094 | S10: =IF($B10="Risk",COUNTIF($B$2:B10,"Risk"),"") -> 4
A11: 10 | B11: Issue | C11: Process | D11: Security/Compliance | E11: Title 10 | F11: D 10 | G11: Impact and Effect 10 | H11: 46081 | I11: Owner 10 | J11: Major | K11: Very High | L11: Low | N11: In-Progress | O11: Accept | P11: =TODAY()+13 -> 46107 | Q11: ='RAID Log'!$H11+10 -> 46091 | S11: =IF($B11="Risk",COUNTIF($B$2:B11,"Risk"),"")
A12: 11 | B12: Risk | C12: Process | D12: Cost | E12: Title 11 | F12: D 11 | G12: Impact and Effect 11 | H12: 46046 | I12: Owner 11 | J12: Moderate | K12: Average | L12: High | N12: In-Progress | O12: Mitigate | P12: =TODAY()+23 -> 46117 | S12: =IF($B12="Risk",COUNTIF($B$2:B12,"Risk"),"") -> 5
A13: 12 | B13: Assumption | C13: Resource | D13: Other | E13: Title 12 | F13: D 12 | G13: Impact and Effect 12 | H13: 46053 | I13: Owner 12 | J13: Severe | K13: Very Low | L13: Medium | N13: Closed | O13: Accept | P13: =TODAY()+3 -> 46097 | Q13: ='RAID Log'!$H13+10 -> 46063 | S13: =IF($B13="Risk",COUNTIF($B$2:B13,"Risk"),"")
A14: 13 | B14: Dependency | C14: Scope | D14: Quality | E14: Title 13 | F14: D 13 | G14: Impact and Effect 13 | H14: 46060 | I14: Owner 2 | J14: Insignificant | K14: High | L14: Medium | N14: Not Started | O14: Transfer | P14: =TODAY()+3 -> 46097 | S14: =IF($B14="Risk",COUNTIF($B$2:B14,"Risk"),"")
A15: 14 | B15: Risk | C15: Stakeholder | D15: Other | E15: Title 14 | F15: D 14 | G15: Impact and Effect 14 | H15: 46067 | I15: Owner 3 | J15: Minor | K15: Average | L15: Critical | N15: Behind | O15: Transfer | P15: =TODAY()+10 -> 46104 | S15: =IF($B15="Risk",COUNTIF($B$2:B15,"Risk"),"") -> 6
A16: 15 | B16: Issue | C16: Resource | D16: Quality | E16: Title 15 | F16: D 15 | G16: Impact and Effect 15 | H16: 46074 | I16: Owner 4 | J16: Major | K16: Very Low | L16: Low | N16: Closed | O16: Accept | P16: =TODAY()+3 -> 46097 | Q16: ='RAID Log'!$H16+10 -> 46084 | S16: =IF($B16="Risk",COUNTIF($B$2:B16,"Risk"),"")
A17: 16 | B17: Dependency | C17: Stakeholder | D17: Cost | E17: Title 16 | F17: D 16 | G17: Impact and Effect 16 | H17: 46081 | I17: Owner 16 | J17: Insignificant | K17: Very High | L17: High | N17: In-Progress | O17: Accept | P17: =TODAY()+15 -> 46109 | Q17: ='RAID Log'!$H17+10 -> 46091 | S17: =IF($B17="Risk",COUNTIF($B$2:B17,"Risk"),"")
A18: 17 | B18: Assumption | C18: Resource | D18: Other | E18: Title 17 | F18: D 17 | G18: Impact and Effect 17 | H18: 46067 | I18: Owner 10 | J18: Severe | K18: Average | L18: Medium | N18: Behind | O18: Transfer | P18: =TODAY()+3 -> 46097 | S18: =IF($B18="Risk",COUNTIF($B$2:B18,"Risk"),"")
B19: Dependency | C19: Scope | D19: Quality | E19: Title 18 | F19: D 18 | G19: Impact and Effect 18 | H19: 46074 | I19: Owner 11 | J19: Moderate | K19: High | L19: Medium | N19: In-Progress | O19: Transfer | P19: =TODAY()+10 -> 46104 | S19: =IF($B19="Risk",COUNTIF($B$2:B19,"Risk"),"")
B20: Risk | C20: Stakeholder | D20: Other | E20: Title 19 | F20: D 19 | G20: Impact and Effect 19 | H20: 46081 | I20: Owner 8 | J20: Major | K20: Very High | L20: Critical | N20: Behind | O20: Accept | P20: =TODAY()+3 -> 46097 | S20: =IF($B20="Risk",COUNTIF($B$2:B20,"Risk"),"") -> 7
B21: Issue | C21: Resource | D21: Quality | E21: Title 20 | F21: D 20 | G21: Impact and Effect 20 | H21: 46046 | I21: Owner 9 | J21: Insignificant | K21: Very High | L21: Low | N21: Closed | O21: Accept | P21: =TODAY()+15 -> 46109 | S21: =IF($B21="Risk",COUNTIF($B$2:B21,"Risk"),"")
A22: 17 | B22: Assumption | C22: Resource | D22: Other | E22: Title 17 | F22: D 17 | G22: Impact and Effect 17 | H22: 46067 | I22: Owner 10 | J22: Severe | K22: Average | L22: Medium | N22: Behind | O22: Transfer | P22: =TODAY()+3 -> 46097 | S22: =IF($B22="Risk",COUNTIF($B$2:B22,"Risk"),"")
A23: 17 | B23: Assumption | C23: Resource | D23: Other | E23: Title 17 | F23: D 17 | G23: Impact and Effect 17 | H23: 46067 | I23: Owner 10 | J23: Severe | K23: Average | L23: Medium | N23: Behind | O23: Transfer | P23: =TODAY()+3 -> 46097 | S23: =IF($B23="Risk",COUNTIF($B$2:B23,"Risk"),"")
A24: 17 | B24: Assumption | C24: Resource | D24: Other | E24: Title 17 | F24: D 17 | G24: Impact and Effect 17 | H24: 46067 | I24: Owner 10 | J24: Severe | K24: Average | L24: Medium | N24: Behind | O24: Transfer | P24: =TODAY()+3 -> 46097 | S24: =IF($B24="Risk",COUNTIF($B$2:B24,"Risk"),"")
A25: 17 | B25: Assumption | C25: Resource | D25: Other | E25: Title 17 | F25: D 17 | G25: Impact and Effect 17 | H25: 46067 | I25: Owner 10 | J25: Severe | K25: Average | L25: Medium | N25: Behind | O25: Transfer | P25: =TODAY()+3 -> 46097 | S25: =IF($B25="Risk",COUNTIF($B$2:B25,"Risk"),"")
A26: 17 | B26: Assumption | C26: Resource | D26: Other | E26: Title 17 | F26: D 17 | G26: Impact and Effect 17 | H26: 46067 | I26: Owner 10 | J26: Severe | K26: Average | L26: Medium | N26: Behind | O26: Transfer | P26: =TODAY()+3 -> 46097 | S26: =IF($B26="Risk",COUNTIF($B$2:B26,"Risk"),"")
S27: =IF($B27="Risk",COUNTIF($B$2:B27,"Risk"),"")
S28: =IF($B28="Risk",COUNTIF($B$2:B28,"Risk"),"")
S29: =IF($B29="Risk",COUNTIF($B$2:B29,"Risk"),"")
S30: =IF($B30="Risk",COUNTIF($B$2:B30,"Risk"),"")
S31: =IF($B31="Risk",COUNTIF($B$2:B31,"Risk"),"")
S32: =IF($B32="Risk",COUNTIF($B$2:B32,"Risk"),"")
S33: =IF($B33="Risk",COUNTIF($B$2:B33,"Risk"),"")
S34: =IF($B34="Risk",COUNTIF($B$2:B34,"Risk"),"")
S35: =IF($B35="Risk",COUNTIF($B$2:B35,"Risk"),"")
S36: =IF($B36="Risk",COUNTIF($B$2:B36,"Risk"),"")
S37: =IF($B37="Risk",COUNTIF($B$2:B37,"Risk"),"")
S38: =IF($B38="Risk",COUNTIF($B$2:B38,"Risk"),"")
... S880: =IF($B880="Risk",COUNTIF($B$2:B880,"Risk"),"")

Sheet RAID Dashboard
B2: RAID Dashboard
B5: Total RAIDs | D5: Risks | F5: Assumptions | H5: Issues | J5: Dependencies | M5: RAID Dashboard
M6: Select RAID Type | N6: Risk
B7: =COUNTA('RAID Log'!$B:$B)-1 -> 25 | D7: =COUNTIF('RAID Log'!$B:$B,"Risk") -> 7 | F7: =COUNTIF('RAID Log'!$B:$B,"Assumption") -> 9 | H7: =COUNTIF('RAID Log'!$B:$B,"Issue") -> 4 | J7: =COUNTIF('RAID Log'!$B:$B,"Dependency") -> 5
C11: Status | D11: Count | F11: Category | G11: Count | I11: Mitigation | J11: Count
C12: Not Started | D12: =COUNTIFS('RAID Log'!$B:$B,$N$6,'RAID Log'!$N:$N,C12) -> 1 | F12: Cost | G12: =COUNTIFS('RAID Log'!$B:$B,$N$6,'RAID Log'!$C:$C,F12) -> 0 | I12: Avoid | J12: =COUNTIFS('RAID Log'!$B:$B,$N$6,'RAID Log'!$O:$O,I12) -> 1
C13: In-Progress | D13: =COUNTIFS('RAID Log'!$B:$B,$N$6,'RAID Log'!$N:$N,C13) -> 2 | F13: Process | G13: =COUNTIFS('RAID Log'!$B:$B,$N$6,'RAID Log'!$C:$C,F13) -> 1 | I13: Mitigate | J13: =COUNTIFS('RAID Log'!$B:$B,$N$6,'RAID Log'!$O:$O,I13) -> 2
C14: Behind | D14: =COUNTIFS('RAID Log'!$B:$B,$N$6,'RAID Log'!$N:$N,C14) -> 3 | F14: Quality | G14: =COUNTIFS('RAID Log'!$B:$B,$N$6,'RAID Log'!$C:$C,F14) -> 1 | I14: Transfer | J14: =COUNTIFS('RAID Log'!$B:$B,$N$6,'RAID Log'!$O:$O,I14) -> 1
C15: Closed | D15: =COUNTIFS('RAID Log'!$B:$B,$N$6,'RAID Log'!$N:$N,C15) -> 1 | F15: Resource | G15: =COUNTIFS('RAID Log'!$B:$B,$N$6,'RAID Log'!$C:$C,F15) -> 0 | I15: Escalate | J15: =COUNTIFS('RAID Log'!$B:$B,$N$6,'RAID Log'!$O:$O,I15) -> 1
F16: Scope | G16: =COUNTIFS('RAID Log'!$B:$B,$N$6,'RAID Log'!$C:$C,F16) -> 0 | I16: Accept | J16: =COUNTIFS('RAID Log'!$B:$B,$N$6,'RAID Log'!$O:$O,I16) -> 2 | AD16: Category Label Compact | AE16: Count Compact
F17: Security/Compliance | G17: =COUNTIFS('RAID Log'!$B:$B,$N$6,'RAID Log'!$C:$C,F17) -> 1 | AD17: =IFERROR(INDEX($F$12:$F$19,_xludf.aggregate(15,6,(ROW($F$12:$F$19)-ROW($F$12)+1)/($G$12:$G$19>0),ROWS($AD$17:AD17))),"") | AE17: =IF($AD17="","",INDEX($G$12:$G$19,MATCH($AD17,$F$12:$F$19,0)))
F18: Stakeholder | G18: =COUNTIFS('RAID Log'!$B:$B,$N$6,'RAID Log'!$C:$C,F18) -> 3 | AD18: =IFERROR(INDEX($F$12:$F$19,_xludf.aggregate(15,6,(ROW($F$12:$F$19)-ROW($F$12)+1)/($G$12:$G$19>0),ROWS($AD$17:AD18))),"") | AE18: =IF($AD18="","",INDEX($G$12:$G$19,MATCH($AD18,$F$12:$F$19,0)))
F19: Technical | G19: =COUNTIFS('RAID Log'!$B:$B,$N$6,'RAID Log'!$C:$C,F19) -> 1 | AD19: =IFERROR(INDEX($F$12:$F$19,_xludf.aggregate(15,6,(ROW($F$12:$F$19)-ROW($F$12)+1)/($G$12:$G$19>0),ROWS($AD$17:AD19))),"") | AE19: =IF($AD19="","",INDEX($G$12:$G$19,MATCH($AD19,$F$12:$F$19,0)))
AD20: =IFERROR(INDEX($F$12:$F$19,_xludf.aggregate(15,6,(ROW($F$12:$F$19)-ROW($F$12)+1)/($G$12:$G$19>0),ROWS($AD$17:AD20))),"") | AE20: =IF($AD20="","",INDEX($G$12:$G$19,MATCH($AD20,$F$12:$F$19,0)))
AD21: =IFERROR(INDEX($F$12:$F$19,_xludf.aggregate(15,6,(ROW($F$12:$F$19)-ROW($F$12)+1)/($G$12:$G$19>0),ROWS($AD$17:AD21))),"") | AE21: =IF($AD21="","",INDEX($G$12:$G$19,MATCH($AD21,$F$12:$F$19,0)))
C22: Status Label | D22: Count | F22: Mitigation Label | G22: Count | J22: Category Label | K22: Count | AD22: =IFERROR(INDEX($F$12:$F$19,_xludf.aggregate(15,6,(ROW($F$12:$F$19)-ROW($F$12)+1)/($G$12:$G$19>0),ROWS($AD$17:AD22))),"") | AE22: =IF($AD22="","",INDEX($G$12:$G$19,MATCH($AD22,$F$12:$F$19,0)))
C23: =IF($D12>0,$C12,"") -> Not Started | D23: =IF($D12>0,$D12,"") -> 1 | F23: =IF($J12>0,$I12,"") -> Avoid | G23: =IF($J12>0,$J12,NA()) -> 1 | J23: =IF($G12>0,$F12,"") | K23: =IF($G12>0,$G12,"") | AD23: =IFERROR(INDEX($F$12:$F$19,_xludf.aggregate(15,6,(ROW($F$12:$F$19)-ROW($F$12)+1)/($G$12:$G$19>0),ROWS($AD$17:AD23))),"") | AE23: =IF($AD23="","",INDEX($G$12:$G$19,MATCH($AD23,$F$12:$F$19,0)))
C24: =IF($D13>0,$C13,"") -> In-Progress | D24: =IF($D13>0,$D13,"") -> 2 | F24: =IF($J13>0,$I13,"") -> Mitigate | G24: =IF($J13>0,$J13,NA()) -> 2 | J24: =IF($G13>0,$F13,"") -> Process | K24: =IF($G13>0,$G13,"") -> 1 | AD24: =IFERROR(INDEX($F$12:$F$19,_xludf.aggregate(15,6,(ROW($F$12:$F$19)-ROW($F$12)+1)/($G$12:$G$19>0),ROWS($AD$17:AD24))),"") | AE24: =IF($AD24="","",INDEX($G$12:$G$19,MATCH($AD24,$F$12:$F$19,0)))
C25: =IF($D14>0,$C14,"") -> Behind | D25: =IF($D14>0,$D14,"") -> 3 | F25: =IF($J14>0,$I14,"") -> Transfer | G25: =IF($J14>0,$J14,NA()) -> 1 | J25: =IF($G14>0,$F14,"") -> Quality | K25: =IF($G14>0,$G14,"") -> 1
B26: =IF(COUNTIF($D$12:$D$15,">0")=0,"No records of the "&$N$6&" available to display data","") | C26: =IF($D15>0,$C15,"") -> Closed | D26: =IF($D15>0,$D15,"") -> 1 | F26: =IF($J15>0,$I15,"") -> Escalate | G26: =IF($J15>0,$J15,NA()) -> 1 | H26: =IF(COUNTIF($J$12:$J$16,">0")=0,"No records of the "&$N$6&" available to display data","") | J26: =IF($G15>0,$F15,"") | K26: =IF($G15>0,$G15,"")
F27: =IF($J16>0,$I16,"") -> Accept | G27: =IF($J16>0,$J16,NA()) -> 2 | J27: =IF($G16>0,$F16,"") | K27: =IF($G16>0,$G16,"")
J28: =IF($G17>0,$F17,"") -> Security/Compliance | K28: =IF($G17>0,$G17,"") -> 1
J29: =IF($G18>0,$F18,"") -> Stakeholder | K29: =IF($G18>0,$G18,"") -> 3
J30: =IF($G19>0,$F19,"") -> Technical | K30: =IF($G19>0,$G19,"") -> 1
B43: =IF(COUNTIF($G$12:$G$19,">0")=0,"No records of the "&$N$6&" available to display data","")

Sheet RAID Insights
A1: RAID Insights | M1: Filter | N1: RAID Type
N2: Risk
A4: Total Open RAIDs | D4: Overdue Issues | G4: Open Risks | J4: Open Issues | M4: Open Dependencies | T4: Overdue Bucket | U4: Count | W4: Age Bucket | X4: Count
A5: =COUNTIFS('RAID Log'!$A:$A,"<>",'RAID Log'!$N:$N,"<>Closed") -> 20 | D5: =COUNTIFS('RAID Log'!$B:$B,"Issue",'RAID Log'!$N:$N,"<>Closed",'RAID Log'!$M:$M,"<"&TODAY(),'RAID Log'!$M:$M,"<>") -> 0 | G5: =COUNTIFS('RAID Log'!$B:$B,"Risk",'RAID Log'!$N:$N,"<>Closed") -> 6 | J5: =COUNTIFS('RAID Log'!$B:$B,"Issue",'RAID Log'!$N:$N,"<>Closed") -> 2 | M5: =COUNTIFS('RAID Log'!$B:$B,"Dependency",'RAID Log'!$N:$N,"<>Closed") -> 5 | T5: 1-7 days | U5: =COUNTIFS('RAID Log'!$B:$B,"Issue",'RAID Log'!$N:$N,"<>Closed",'RAID Log'!$M:$M,">="&TODAY()-7,'RAID Log'!$M:$M,"<"&TODAY()) -> 0 | W5: 0-7 days | X5: =COUNTIFS('RAID Log'!$B:$B,$N$2,'RAID Log'!$N:$N,"<>Closed",'RAID Log'!$H:$H,">="&TODAY()-7,'RAID Log'!$H:$H,"<="&TODAY()-0,'RAID Log'!$H:$H,"<>") -> 0
T6: 8-14 days | U6: =COUNTIFS('RAID Log'!$B:$B,"Issue",'RAID Log'!$N:$N,"<>Closed",'RAID Log'!$M:$M,">="&TODAY()-14,'RAID Log'!$M:$M,"<"&TODAY()-7) -> 0 | W6: 8-14 days | X6: =COUNTIFS('RAID Log'!$B:$B,$N$2,'RAID Log'!$N:$N,"<>Closed",'RAID Log'!$H:$H,">="&TODAY()-14,'RAID Log'!$H:$H,"<="&TODAY()-8,'RAID Log'!$H:$H,"<>") -> 1
T7: 15-30 days | U7: =COUNTIFS('RAID Log'!$B:$B,"Issue",'RAID Log'!$N:$N,"<>Closed",'RAID Log'!$M:$M,">="&TODAY()-30,'RAID Log'!$M:$M,"<"&TODAY()-14) -> 0 | W7: 15-30 days | X7: =COUNTIFS('RAID Log'!$B:$B,$N$2,'RAID Log'!$N:$N,"<>Closed",'RAID Log'!$H:$H,">="&TODAY()-30,'RAID Log'!$H:$H,"<="&TODAY()-15,'RAID Log'!$H:$H,"<>") -> 2
A8: Operational Analytics | T8: 30+ days | U8: =COUNTIFS('RAID Log'!$B:$B,"Issue",'RAID Log'!$N:$N,"<>Closed",'RAID Log'!$M:$M,"<"&TODAY()-30,'RAID Log'!$M:$M,"<>") -> 0 | W8: 31-60 days | X8: =COUNTIFS('RAID Log'!$B:$B,$N$2,'RAID Log'!$N:$N,"<>Closed",'RAID Log'!$H:$H,">="&TODAY()-60,'RAID Log'!$H:$H,"<="&TODAY()-31,'RAID Log'!$H:$H,"<>") -> 2
W9: 60+ days | X9: =COUNTIFS('RAID Log'!$B:$B,$N$2,'RAID Log'!$N:$N,"<>Closed",'RAID Log'!$H:$H,"<="&TODAY()-61,'RAID Log'!$H:$H,"<>") -> 1
T12: Risk Owner | U12: Open Risks
T13: Owner 1 | U13: =COUNTIFS('RAID Log'!$I:$I,T13,'RAID Log'!$B:$B,"Risk",'RAID Log'!$N:$N,"<>Closed") -> 1
T14: Owner 6 | U14: =COUNTIFS('RAID Log'!$I:$I,T14,'RAID Log'!$B:$B,"Risk",'RAID Log'!$N:$N,"<>Closed") -> 1
T15: Owner 9 | U15: =COUNTIFS('RAID Log'!$I:$I,T15,'RAID Log'!$B:$B,"Risk",'RAID Log'!$N:$N,"<>Closed") -> 1
T16: Owner 11 | U16: =COUNTIFS('RAID Log'!$I:$I,T16,'RAID Log'!$B:$B,"Risk",'RAID Log'!$N:$N,"<>Closed") -> 1
T17: Owner 3 | U17: =COUNTIFS('RAID Log'!$I:$I,T17,'RAID Log'!$B:$B,"Risk",'RAID Log'!$N:$N,"<>Closed") -> 1
A21: Risk Analytics | G21: Risk Heatmap
G23: Impact \ Probability | H23: Very High | I23: High | J23: Average | K23: Low | L23: Very Low
G24: Severe | H24: =COUNTIFS('RAID Log'!$B:$B,"Risk",'RAID Log'!$N:$N,"<>Closed",'RAID Log'!$J:$J,$G24,'RAID Log'!$K:$K,H$23) -> 0 | I24: =COUNTIFS('RAID Log'!$B:$B,"Risk",'RAID Log'!$N:$N,"<>Closed",'RAID Log'!$J:$J,$G24,'RAID Log'!$K:$K,I$23) -> 0 | J24: =COUNTIFS('RAID Log'!$B:$B,"Risk",'RAID Log'!$N:$N,"<>Closed",'RAID Log'!$J:$J,$G24,'RAID Log'!$K:$K,J$23) -> 0 | K24: =COUNTIFS('RAID Log'!$B:$B,"Risk",'RAID Log'!$N:$N,"<>Closed",'RAID Log'!$J:$J,$G24,'RAID Log'!$K:$K,K$23) -> 0 | L24: =COUNTIFS('RAID Log'!$B:$B,"Risk",'RAID Log'!$N:$N,"<>Closed",'RAID Log'!$J:$J,$G24,'RAID Log'!$K:$K,L$23) -> 0
G25: Major | H25: =COUNTIFS('RAID Log'!$B:$B,"Risk",'RAID Log'!$N:$N,"<>Closed",'RAID Log'!$J:$J,$G25,'RAID Log'!$K:$K,H$23) -> 1 | I25: =COUNTIFS('RAID Log'!$B:$B,"Risk",'RAID Log'!$N:$N,"<>Closed",'RAID Log'!$J:$J,$G25,'RAID Log'!$K:$K,I$23) -> 0 | J25: =COUNTIFS('RAID Log'!$B:$B,"Risk",'RAID Log'!$N:$N,"<>Closed",'RAID Log'!$J:$J,$G25,'RAID Log'!$K:$K,J$23) -> 0 | K25: =COUNTIFS('RAID Log'!$B:$B,"Risk",'RAID Log'!$N:$N,"<>Closed",'RAID Log'!$J:$J,$G25,'RAID Log'!$K:$K,K$23) -> 0 | L25: =COUNTIFS('RAID Log'!$B:$B,"Risk",'RAID Log'!$N:$N,"<>Closed",'RAID Log'!$J:$J,$G25,'RAID Log'!$K:$K,L$23) -> 0
G26: Moderate | H26: =COUNTIFS('RAID Log'!$B:$B,"Risk",'RAID Log'!$N:$N,"<>Closed",'RAID Log'!$J:$J,$G26,'RAID Log'!$K:$K,H$23) -> 0 | I26: =COUNTIFS('RAID Log'!$B:$B,"Risk",'RAID Log'!$N:$N,"<>Closed",'RAID Log'!$J:$J,$G26,'RAID Log'!$K:$K,I$23) -> 0 | J26: =COUNTIFS('RAID Log'!$B:$B,"Risk",'RAID Log'!$N:$N,"<>Closed",'RAID Log'!$J:$J,$G26,'RAID Log'!$K:$K,J$23) -> 2 | K26: =COUNTIFS('RAID Log'!$B:$B,"Risk",'RAID Log'!$N:$N,"<>Closed",'RAID Log'!$J:$J,$G26,'RAID Log'!$K:$K,K$23) -> 0 | L26: =COUNTIFS('RAID Log'!$B:$B,"Risk",'RAID Log'!$N:$N,"<>Closed",'RAID Log'!$J:$J,$G26,'RAID Log'!$K:$K,L$23) -> 1
G27: Minor | H27: =COUNTIFS('RAID Log'!$B:$B,"Risk",'RAID Log'!$N:$N,"<>Closed",'RAID Log'!$J:$J,$G27,'RAID Log'!$K:$K,H$23) -> 1 | I27: =COUNTIFS('RAID Log'!$B:$B,"Risk",'RAID Log'!$N:$N,"<>Closed",'RAID Log'!$J:$J,$G27,'RAID Log'!$K:$K,I$23) -> 0 | J27: =COUNTIFS('RAID Log'!$B:$B,"Risk",'RAID Log'!$N:$N,"<>Closed",'RAID Log'!$J:$J,$G27,'RAID Log'!$K:$K,J$23) -> 1 | K27: =COUNTIFS('RAID Log'!$B:$B,"Risk",'RAID Log'!$N:$N,"<>Closed",'RAID Log'!$J:$J,$G27,'RAID Log'!$K:$K,K$23) -> 0 | L27: =COUNTIFS('RAID Log'!$B:$B,"Risk",'RAID Log'!$N:$N,"<>Closed",'RAID Log'!$J:$J,$G27,'RAID Log'!$K:$K,L$23) -> 0
G28: Insignificant | H28: =COUNTIFS('RAID Log'!$B:$B,"Risk",'RAID Log'!$N:$N,"<>Closed",'RAID Log'!$J:$J,$G28,'RAID Log'!$K:$K,H$23) -> 0 | I28: =COUNTIFS('RAID Log'!$B:$B,"Risk",'RAID Log'!$N:$N,"<>Closed",'RAID Log'!$J:$J,$G28,'RAID Log'!$K:$K,I$23) -> 0 | J28: =COUNTIFS('RAID Log'!$B:$B,"Risk",'RAID Log'!$N:$N,"<>Closed",'RAID Log'!$J:$J,$G28,'RAID Log'!$K:$K,J$23) -> 0 | K28: =COUNTIFS('RAID Log'!$B:$B,"Risk",'RAID Log'!$N:$N,"<>Closed",'RAID Log'!$J:$J,$G28,'RAID Log'!$K:$K,K$23) -> 0 | L28: =COUNTIFS('RAID Log'!$B:$B,"Risk",'RAID Log'!$N:$N,"<>Closed",'RAID Log'!$J:$J,$G28,'RAID Log'!$K:$K,L$23) -> 0
